Filename: C:\Michael\ABEM\short_dec_2022.txt
Project name: Project2
Task name: GD64sepCP_1
ArrayCode: 15
Time: 2022-12-05 15:07:37
Smallest electrode spacing: 0
BaseReference: 0;0;0
ProtocolFile: /home/root/protocols/GD64sepCP.xml
SpreadFile: /home/root/protocols/Shift2x32.xml
Measurement mode: Resistivity
InstrumentSerial: LS218070476
InstrumentSoftware: 2.2.5b(3179)
InstrumentSerial: LS218070476
InstrumentSoftware: 2.2.5b(3179)
InstrumentSerial: LS218070476
InstrumentSoftware: 2.2.5b(3179)
Has IP Measures: No

Acquirement settings in use from time 2022-12-05 15:07:37
	- AGC_TimeSec: 0.06
	- Acq_DelaySec: 0.3
	- Acq_TimeSec: 0.5
	- AutoStack: 1
	- BaseFreqHz: 50
	- BoreholeStepDown: 1
	- BoreholeStepUp: 1
	- CurrentLimitHighAmpere: 0.5
	- CurrentLimitLowAmpere: 0.005
	- DoInitialAGC: 0
	- ElectrodeResistanceBadLimitHighOhm: 300000
	- ElectrodeResistanceBadLimitLowOhm: 10000
	- ElectrodeTest: 1
	- ElectrodeTestCurrentAmpere: 0.02
	- ErrorLimit: 0.01
	- Fullwaveform: 0
	- IPSP_TimeSec: 0.5
	- IP_MinOffTimeSec: 0.5
	- IP_OffTimeSec: 0.5
	- IP_WindowSecList: 0.01 0.02 0.02
	- LogFluidResistivity: 1
	- LogLateral18foot: 1
	- LogLongNormal: 1
	- LogSelfPotential: 2
	- LogShortNormal: 1
	- LogTemperature: 2
	- MarginLimitHigh: 1.2
	- MeasureMode: 2
	- Measure_SNR: 0
	- PowerLimitHighWatt: 250
	- PowerLimitLowWatt: 0
	- PowerLossLimitHighWatt: 25
	- SNR_TimeSec: 0.5
	- SP_TimeSec: 1
	- SampleRateHz: 1000
	- StackLimitsHigh: 6
	- StackLimitsLow: 3
	- StackNorm: 0
	- VoltageLimitHighVolt: 600
	- VoltageLimitLowVolt: 0
	- AGC_TimeSec: 0.06
	- Acq_DelaySec: 0.3
	- Acq_TimeSec: 0.5
	- AutoStack: 1
	- BaseFreqHz: 50
	- BoreholeStepDown: 1
	- BoreholeStepUp: 1
	- CurrentLimitHighAmpere: 0.5
	- CurrentLimitLowAmpere: 0.005
	- DoInitialAGC: 0
	- ElectrodeResistanceBadLimitHighOhm: 300000
	- ElectrodeResistanceBadLimitLowOhm: 10000
	- ElectrodeTest: 1
	- ElectrodeTestCurrentAmpere: 0.02
	- ErrorLimit: 0.01
	- Fullwaveform: 0
	- IPSP_TimeSec: 0.5
	- IP_MinOffTimeSec: 0.5
	- IP_OffTimeSec: 0.5
	- IP_WindowSecList: 0.01 0.02 0.02
	- LogFluidResistivity: 1
	- LogLateral18foot: 1
	- LogLongNormal: 1
	- LogSelfPotential: 2
	- LogShortNormal: 1
	- LogTemperature: 2
	- MarginLimitHigh: 1.2
	- MeasureMode: 2
	- Measure_SNR: 0
	- PowerLimitHighWatt: 250
	- PowerLimitLowWatt: 0
	- PowerLossLimitHighWatt: 25
	- SNR_TimeSec: 0.5
	- SP_TimeSec: 1
	- SampleRateHz: 1000
	- StackLimitsHigh: 6
	- StackLimitsLow: 3
	- StackNorm: 0
	- VoltageLimitHighVolt: 600
	- VoltageLimitLowVolt: 0
	- AGC_TimeSec: 0.06
	- Acq_DelaySec: 0.3
	- Acq_TimeSec: 0.5
	- AutoStack: 1
	- BaseFreqHz: 50
	- BoreholeStepDown: 1
	- BoreholeStepUp: 1
	- CurrentLimitHighAmpere: 0.5
	- CurrentLimitLowAmpere: 0.005
	- DoInitialAGC: 0
	- ElectrodeResistanceBadLimitHighOhm: 300000
	- ElectrodeResistanceBadLimitLowOhm: 10000
	- ElectrodeTest: 1
	- ElectrodeTestCurrentAmpere: 0.02
	- ErrorLimit: 0.01
	- Fullwaveform: 0
	- IPSP_TimeSec: 0.5
	- IP_MinOffTimeSec: 0.5
	- IP_OffTimeSec: 0.5
	- IP_WindowSecList: 0.01 0.02 0.02
	- LogFluidResistivity: 1
	- LogLateral18foot: 1
	- LogLongNormal: 1
	- LogSelfPotential: 2
	- LogShortNormal: 1
	- LogTemperature: 2
	- MarginLimitHigh: 1.2
	- MeasureMode: 2
	- Measure_SNR: 0
	- PowerLimitHighWatt: 250
	- PowerLimitLowWatt: 0
	- PowerLossLimitHighWatt: 25
	- SNR_TimeSec: 0.5
	- SP_TimeSec: 1
	- SampleRateHz: 1000
	- StackLimitsHigh: 6
	- StackLimitsLow: 3
	- StackNorm: 0
	- VoltageLimitHighVolt: 600
	- VoltageLimitLowVolt: 0
	- AGC_TimeSec: 0.06
	- Acq_DelaySec: 0.3
	- Acq_TimeSec: 0.5
	- AutoStack: 1
	- BaseFreqHz: 50
	- BoreholeStepDown: 1
	- BoreholeStepUp: 1
	- CurrentLimitHighAmpere: 0.5
	- CurrentLimitLowAmpere: 0.005
	- DoInitialAGC: 0
	- ElectrodeResistanceBadLimitHighOhm: 300000
	- ElectrodeResistanceBadLimitLowOhm: 10000
	- ElectrodeTest: 1
	- ElectrodeTestCurrentAmpere: 0.02
	- ErrorLimit: 0.01
	- Fullwaveform: 0
	- IPSP_TimeSec: 0.5
	- IP_MinOffTimeSec: 0.5
	- IP_OffTimeSec: 0.5
	- IP_WindowSecList: 0.01 0.02 0.02
	- LogFluidResistivity: 1
	- LogLateral18foot: 1
	- LogLongNormal: 1
	- LogSelfPotential: 2
	- LogShortNormal: 1
	- LogTemperature: 2
	- MarginLimitHigh: 1.2
	- MeasureMode: 2
	- Measure_SNR: 0
	- PowerLimitHighWatt: 250
	- PowerLimitLowWatt: 0
	- PowerLossLimitHighWatt: 25
	- SNR_TimeSec: 0.5
	- SP_TimeSec: 1
	- SampleRateHz: 1000
	- StackLimitsHigh: 6
	- StackLimitsLow: 3
	- StackNorm: 0
	- VoltageLimitHighVolt: 600
	- VoltageLimitLowVolt: 0

Time	MeasID	DPID	Channel	A(x)	A(y)	A(z)	B(x)	B(y)	B(z)	M(x)	M(y)	M(z)	N(x)	N(y)	N(z)	F(x)	F(y)	F(z)	Note	I(mA)	Uout(V)	U(V)	SP(V)	R(O)	Var(%)	Rho-a(Om)	Cycles	IP Delay Window(mV/V)	Pint(V)	Pext(V)	T int(°C)	T log(°C)	Latitude	Longitude	
2022-12-05 15:44:38	147	1	7	132.5	0	0	155	0	0	147.5	0	0	150	0	0	146.25	0	2.544		497.526	50.1143	0.00808307	0	0.0162465	0.0466822	1.3398	3		13.453	11.2285	26.7326	0	53.7795	7.71113	
2022-12-05 15:44:38	147	2	11	132.5	0	0	155	0	0	145	0	0	147.5	0	0	145	0	3.737		497.526	50.1143	0.00517229	0	0.010396	0.0324329	1.39972	3		13.453	11.2285	26.7326	0	53.7795	7.71113	
2022-12-05 15:44:38	147	3	2	132.5	0	0	155	0	0	140	0	0	142.5	0	0	142.5	0	3.737		497.526	50.1143	0.00530518	0	0.0106631	0.23217	1.43568	3		13.453	11.2285	26.7326	0	53.7795	7.71113	
2022-12-05 15:44:28	146	4	6	110	0	0	132.5	0	0	120	0	0	122.5	0	0	121.25	0	4.266		239.298	322.013	0.00212188	0	0.00886712	0.0146927	1.39284	3		13.4707	12.0084	26.7326	0	53.7795	7.71113	
2022-12-05 15:44:11	145	5	11	87.5	0	0	110	0	0	100	0	0	102.5	0	0	100	0	3.737		84.7509	494.543	0.000939638	0	0.0110871	0.844196	1.49276	6		13.4618	11.8666	26.7326	0	53.7795	7.71113	
2022-12-05 15:44:11	145	6	6	87.5	0	0	110	0	0	97.5	0	0	100	0	0	98.75	0	4.266		84.7509	494.543	0.000770195	0	0.00908776	1.06105	1.4275	6		13.4618	11.8666	26.7326	0	53.7795	7.71113	
2022-12-05 15:44:11	145	7	2	87.5	0	0	110	0	0	95	0	0	97.5	0	0	97.5	0	3.737		84.7509	494.543	0.00118434	0	0.0139743	0.668157	1.8815	6		13.4618	11.8666	26.7326	0	53.7795	7.71113	
2022-12-05 15:44:11	145	8	12	87.5	0	0	110	0	0	105	0	0	107.5	0	0	102.5	0	1.339		84.7509	494.543	0.00427673	0	0.0504624	0.0322819	1.53066	6		13.4618	11.8666	26.7326	0	53.7795	7.71113	
2022-12-05 15:44:11	145	9	5	87.5	0	0	110	0	0	92.5	0	0	95	0	0	96.25	0	2.544		84.7509	494.543	0.00191685	0	0.0226175	0.309717	1.86519	6		13.4618	11.8666	26.7326	0	53.7795	7.71113	
2022-12-05 15:44:01	144	10	2	65	0	0	87.5	0	0	77.5	0	0	80	0	0	77.5	0	3.737		37.2164	496.323	0.000540962	0	0.0145356	0.187442	1.95707	3		13.4618	11.8844	26.6027	0	53.7795	7.71113	
2022-12-05 15:44:01	144	11	6	65	0	0	87.5	0	0	75	0	0	77.5	0	0	76.25	0	4.266		37.2164	496.323	0.00054338	0	0.0146005	1.07731	2.29345	3		13.4618	11.8844	26.6027	0	53.7795	7.71113	
2022-12-05 15:44:01	144	12	11	65	0	0	87.5	0	0	72.5	0	0	75	0	0	75	0	3.737		37.2164	496.323	0.000863422	0	0.0232	0.610656	3.12365	3		13.4618	11.8844	26.6027	0	53.7795	7.71113	
2022-12-05 15:43:52	143	13	2	42.5	0	0	65	0	0	50	0	0	52.5	0	0	52.5	0	3.737		30.1126	494.371	0.00164488	0	0.0546242	0.0550358	7.35458	3		13.4618	12.0616	26.6027	0	53.7795	7.71113	
2022-12-05 15:43:52	143	14	5	42.5	0	0	65	0	0	47.5	0	0	50	0	0	51.25	0	2.544		30.1126	494.371	0.0169002	0	0.561234	0.0190973	46.2832	3		13.4618	12.0616	26.6027	0	53.7795	7.71113	
2022-12-05 15:43:37	142	15	5	20	0	0	42.5	0	0	35	0	0	37.5	0	0	33.75	0	2.544		37.8194	488.07	0.0281305	0	0.743811	0.0307694	61.3397	4		13.4618	11.6185	26.6027	0	53.7795	7.71113	
2022-12-05 15:43:37	142	16	2	20	0	0	42.5	0	0	32.5	0	0	35	0	0	32.5	0	3.737		37.8194	488.07	0.00353727	0	0.0935306	0.366426	12.5929	4		13.4618	11.6185	26.6027	0	53.7795	7.71113	
2022-12-05 15:43:37	142	17	11	20	0	0	42.5	0	0	27.5	0	0	30	0	0	30	0	3.737		37.8194	488.07	0.00569146	0	0.15049	0.108163	20.262	4		13.4618	11.6185	26.6027	0	53.7795	7.71113	
2022-12-05 15:43:37	142	18	7	20	0	0	42.5	0	0	25	0	0	27.5	0	0	28.75	0	2.544		37.8194	488.07	0.0766915	0	2.02783	0.0503013	167.229	4		13.4618	11.6185	26.6027	0	53.7795	7.71113	
2022-12-05 15:43:37	142	19	12	20	0	0	42.5	0	0	22.5	0	0	25	0	0	27.5	0	1.339		37.8194	488.07	1.50567	0	39.8122	0.0566627	1207.61	4		13.4618	11.6185	26.6027	0	53.7795	7.71113	
2022-12-05 15:43:18	140	20	7	107.5	0	0	130	0	0	122.5	0	0	125	0	0	121.25	0	2.544		239.296	355.059	0.00397992	0	0.0166318	0.00849963	1.37157	3		13.4618	11.583	26.6027	0	53.7795	7.71113	
2022-12-05 15:43:18	140	21	11	107.5	0	0	130	0	0	120	0	0	122.5	0	0	120	0	3.737		239.296	355.059	0.00247855	0	0.0103577	0.032531	1.39455	3		13.4618	11.583	26.6027	0	53.7795	7.71113	
2022-12-05 15:43:18	140	22	6	107.5	0	0	130	0	0	117.5	0	0	120	0	0	118.75	0	4.266		239.296	355.059	0.00220967	0	0.00923404	0.160235	1.45048	3		13.4618	11.583	26.6027	0	53.7795	7.71113	
2022-12-05 15:43:18	140	23	2	107.5	0	0	130	0	0	115	0	0	117.5	0	0	117.5	0	3.737		239.296	355.059	0.00256552	0	0.0107211	0.356513	1.44349	3		13.4618	11.583	26.6027	0	53.7795	7.71113	
2022-12-05 15:43:08	139	24	2	85	0	0	107.5	0	0	97.5	0	0	100	0	0	97.5	0	3.737		95.1664	495.154	0.00111997	0	0.0117686	0.0983134	1.58452	3		13.4618	11.8312	26.6027	0	53.7795	7.71113	
2022-12-05 15:43:08	139	25	6	85	0	0	107.5	0	0	95	0	0	97.5	0	0	96.25	0	4.266		95.1664	495.154	0.000800342	0	0.00840992	0.906281	1.32103	3		13.4618	11.8312	26.6027	0	53.7795	7.71113	
2022-12-05 15:43:08	139	26	11	85	0	0	107.5	0	0	92.5	0	0	95	0	0	95	0	3.737		95.1664	495.154	0.00157824	0	0.016584	0.227378	2.23286	3		13.4618	11.8312	26.6027	0	53.7795	7.71113	
2022-12-05 15:28:47	68	27	1	87.5	0	0	2.5	0	0	20	0	0	10	0	0	30	0	4.212		59.6604	494.404	0.0285487	0	0.478519	0.198257	38.4961	3		13.4618	12.0261	26.0829	0	53.7794	7.71112	
2022-12-05 15:29:37	73	28	12	137.5	0	0	97.5	0	0	135	0	0	130	0	0	125	0	1.511		100.39	499.403	0.00628388	0	0.0625944	0.00441695	1.4525	3		13.4618	12.2034	26.0829	0	53.7794	7.71112	
2022-12-05 15:39:14	120	29	1	55	0	0	77.5	0	0	72.5	0	0	75	0	0	70	0	1.339		55.0074	491.324	0.169445	0	3.08041	0.0334095	93.4368	5		13.453	11.8666	26.3428	0	53.7794	7.71112	
2022-12-05 15:44:11	145	30	7	87.5	0	0	110	0	0	102.5	0	0	105	0	0	101.25	0	2.544		84.7509	494.543	0.00154445	0	0.0182234	0.0726197	1.50283	6		13.4618	11.8666	26.7326	0	53.7795	7.71113	
2022-12-05 15:44:11	145	31	1	87.5	0	0	110	0	0	90	0	0	92.5	0	0	95	0	1.339		84.7509	494.543	0.0442438	0	0.522046	0.110954	15.835	6		13.4618	11.8666	26.7326	0	53.7795	7.71113	
2022-12-05 15:28:47	68	32	2	87.5	0	0	2.5	0	0	40	0	0	30	0	0	40	0	13.864		59.6604	494.404	0.000973317	0	0.0163143	0.0759576	7.67356	3		13.4618	12.0261	26.0829	0	53.7794	7.71112	
2022-12-05 15:29:37	73	33	5	137.5	0	0	97.5	0	0	110	0	0	105	0	0	112.5	0	3.919		100.39	499.403	0.00142277	0	0.0141724	0.0352288	1.51114	3		13.4618	12.2034	26.0829	0	53.7794	7.71112	
2022-12-05 15:40:02	124	34	6	12.5	0	0	35	0	0	22.5	0	0	25	0	0	23.75	0	4.266		27.4079	490.456	0.00182686	0	0.0666544	0.470372	10.47	3		13.453	11.2551	26.4727	0	53.7795	7.71113	
2022-12-05 15:28:47	68	35	7	87.5	0	0	2.5	0	0	70	0	0	60	0	0	55	0	9.009		59.6604	494.404	0.000588186	0	0.0098589	0.0778776	2.65226	3		13.4618	12.0261	26.0829	0	53.7794	7.71112	
2022-12-05 15:28:37	67	36	7	92.5	0	0	7.5	0	0	75	0	0	65	0	0	60	0	9.009		48.3879	488.177	0.000458569	0	0.00947693	0.151381	2.5495	3		13.4618	12.0882	26.0829	0	53.7794	7.71112	
2022-12-05 15:28:37	67	37	12	92.5	0	0	7.5	0	0	85	0	0	75	0	0	65	0	4.212		48.3879	488.177	0.00124567	0	0.0257435	0.0373534	2.07102	3		13.4618	12.0882	26.0829	0	53.7794	7.71112	
2022-12-05 15:28:28	66	38	6	97.5	0	0	12.5	0	0	60	0	0	50	0	0	55	0	16.09		35.2447	492.65	0.000245863	0	0.00697587	0.20754	3.90367	3		13.4618	12.0084	26.0829	0	53.7794	7.71112	
2022-12-05 15:30:39	79	39	2	107.5	0	0	67.5	0	0	85	0	0	80	0	0	85	0	6.387		61.8902	489.994	0.000821882	0	0.0132797	0.142911	2.69697	6		13.4618	11.7603	26.2128	0	53.7794	7.71112	
2022-12-05 15:15:36	4	40	8	15	0	0	145	0	0	87.5	0	0	102.5	0	0	87.5	0	21.347		63.5275	490.251	0.000292448	0	0.00460348	0.806541	3.40183	3		13.4618	11.3881	28.8117	0	53.7794	7.71112	
2022-12-05 15:28:28	66	41	7	97.5	0	0	12.5	0	0	80	0	0	70	0	0	65	0	9.009		35.2447	492.65	0.00030348	0	0.00861066	0.274545	2.31645	3		13.4618	12.0084	26.0829	0	53.7794	7.71112	
2022-12-05 15:34:50	101	42	12	25	0	0	47.5	0	0	27.5	0	0	30	0	0	32.5	0	1.339		32.8218	494.676	0.808247	0	24.6253	0.00549707	746.949	3		13.4618	11.8312	26.2128	0	53.7794	7.71112	
2022-12-05 15:17:57	17	43	4	50	0	0	135	0	0	87.5	0	0	97.5	0	0	92.5	0	16.09		76.757	491.371	0.000399667	0	0.00520691	0.24819	2.91377	3		13.4618	11.9375	27.2524	0	53.7794	7.71112	
2022-12-05 15:17:57	17	44	9	50	0	0	135	0	0	107.5	0	0	117.5	0	0	102.5	0	9.009		76.757	491.371	0.000481583	0	0.00627412	0.170064	1.68787	3		13.4618	11.9375	27.2524	0	53.7794	7.71112	
2022-12-05 15:27:58	63	45	1	112.5	0	0	27.5	0	0	45	0	0	35	0	0	55	0	4.212		51.8761	481.498	0.00744345	0	0.143485	0.470897	11.5432	3		13.4618	12.035	26.0829	0	53.7794	7.71112	
2022-12-05 15:21:07	33	46	9	55	0	0	95	0	0	82.5	0	0	87.5	0	0	80	0	3.919		40.4452	493.218	0.000717705	0	0.0177451	0.0172005	1.89208	3		13.4618	11.4678	26.6027	0	53.7794	7.71112	
2022-12-05 15:31:14	81	47	4	97.5	0	0	57.5	0	0	80	0	0	75	0	0	77.5	0	7.561		39.7633	492.982	0.000387546	0	0.0097463	0.0303811	2.41124	3		13.4618	12.1857	26.0829	0	53.7794	7.71112	
2022-12-05 15:43:37	142	48	1	20	0	0	42.5	0	0	37.5	0	0	40	0	0	35	0	1.339		37.8194	488.07	0.895854	0	23.6877	0.0674836	718.509	4		13.4618	11.6185	26.6027	0	53.7795	7.71113	
2022-12-05 15:27:49	62	49	5	117.5	0	0	32.5	0	0	90	0	0	80	0	0	80	0	13.864		47.1372	493.473	0.000316228	0	0.00670867	0.138319	3.15548	3		13.4618	11.9552	26.0829	0	53.7794	7.71112	
2022-12-05 15:27:39	61	50	2	122.5	0	0	37.5	0	0	65	0	0	55	0	0	70	0	9.009		64.3783	492.128	0.000890881	0	0.0138382	0.131964	3.72277	3		13.4618	12.292	26.0829	0	53.7794	7.71112	
2022-12-05 15:27:39	61	51	4	122.5	0	0	37.5	0	0	85	0	0	75	0	0	80	0	16.09		64.3783	492.128	0.000400483	0	0.00622077	0.0824494	3.48112	3		13.4618	12.292	26.0829	0	53.7794	7.71112	
2022-12-05 15:27:39	61	52	5	122.5	0	0	37.5	0	0	95	0	0	85	0	0	85	0	13.864		64.3783	492.128	0.000368584	0	0.00572528	0.171693	2.69293	3		13.4618	12.292	26.0829	0	53.7794	7.71112	
2022-12-05 15:27:28	60	53	1	127.5	0	0	42.5	0	0	60	0	0	50	0	0	70	0	4.212		60.1991	489.831	0.00445875	0	0.0740668	0.945441	5.95855	3		13.4618	12.2743	26.0829	0	53.7794	7.71112	
2022-12-05 15:32:36	89	54	12	57.5	0	0	17.5	0	0	55	0	0	50	0	0	45	0	1.511		42.5529	490.603	0.435684	0	10.2387	0.0107588	237.587	3		13.4618	11.8932	26.2128	0	53.7794	7.71112	
2022-12-05 15:36:29	108	55	1	50	0	0	72.5	0	0	67.5	0	0	70	0	0	65	0	1.339		43.1489	491.699	0.734523	0	17.023	0.0271421	516.351	6		13.4618	11.8844	26.3428	0	53.7794	7.71112	
2022-12-05 15:27:28	60	56	6	127.5	0	0	42.5	0	0	90	0	0	80	0	0	85	0	16.09		60.1991	489.831	0.000391417	0	0.00650205	0.190926	3.63852	3		13.4618	12.2743	26.0829	0	53.7794	7.71112	
2022-12-05 15:17:18	13	57	2	30	0	0	115	0	0	47.5	0	0	57.5	0	0	62.5	0	9.009		37.9798	491.998	0.000428123	0	0.0112724	0.145178	3.03251	3		13.4618	11.5476	27.6422	0	53.7794	7.71112	
2022-12-05 15:26:37	56	58	5	147.5	0	0	62.5	0	0	90	0	0	80	0	0	95	0	9.009		60.5008	490.661	0.000711336	0	0.0117575	0.0905228	3.16301	4		13.4618	12.292	26.2128	0	53.7794	7.71112	
2022-12-05 15:27:28	60	59	7	127.5	0	0	42.5	0	0	110	0	0	100	0	0	95	0	9.009		60.1991	489.831	0.000402682	0	0.00668918	0.11002	1.79953	3		13.4618	12.2743	26.0829	0	53.7794	7.71112	
2022-12-05 15:17:18	13	60	4	30	0	0	115	0	0	67.5	0	0	77.5	0	0	72.5	0	16.09		37.9798	491.998	0.000265336	0	0.00698622	0.239512	3.90946	3		13.4618	11.5476	27.6422	0	53.7794	7.71112	
2022-12-05 15:26:37	56	61	6	147.5	0	0	62.5	0	0	110	0	0	100	0	0	105	0	16.09		60.5008	490.661	0.000261672	0	0.00432509	0.156893	2.4203	4		13.4618	12.292	26.2128	0	53.7794	7.71112	
2022-12-05 15:27:18	59	62	12	132.5	0	0	47.5	0	0	125	0	0	115	0	0	105	0	4.212		69.3355	494.087	0.00124072	0	0.0178945	0.157269	1.43958	3		13.4618	11.9198	26.2128	0	53.7794	7.71112	
2022-12-05 15:17:28	14	63	8	35	0	0	120	0	0	82.5	0	0	92.5	0	0	82.5	0	13.864		48.1819	488.281	0.000322057	0	0.0066842	0.257194	3.14397	3		13.4707	11.9641	27.6422	0	53.7794	7.71112	
2022-12-05 15:27:08	58	64	1	137.5	0	0	52.5	0	0	70	0	0	60	0	0	80	0	4.212		72.7829	494.679	0.0032246	0	0.0443043	0.777767	3.56421	3		13.4618	12.292	26.0829	0	53.7794	7.71112	
2022-12-05 15:27:08	58	65	2	137.5	0	0	52.5	0	0	90	0	0	80	0	0	90	0	13.864		72.7829	494.679	0.000574744	0	0.00789669	0.0116223	3.71428	3		13.4618	12.292	26.0829	0	53.7794	7.71112	
2022-12-05 15:17:37	15	66	1	40	0	0	125	0	0	47.5	0	0	57.5	0	0	67.5	0	4.212		59.2712	489.936	0.00448954	0	0.0757457	0.015839	6.09362	3		13.4618	11.5919	27.5123	0	53.7794	7.71112	
2022-12-05 15:27:08	58	67	11	137.5	0	0	52.5	0	0	110	0	0	100	0	0	100	0	13.864		72.7829	494.679	0.000348963	0	0.00479458	0.52685	2.25517	3		13.4618	12.292	26.0829	0	53.7794	7.71112	
2022-12-05 15:17:08	12	68	1	25	0	0	110	0	0	32.5	0	0	42.5	0	0	52.5	0	4.212		51.7397	489.947	0.0076759	0	0.148356	0.0395823	11.935	3		13.4618	11.9287	27.7722	0	53.7794	7.71112	
2022-12-05 15:16:49	10	69	1	15	0	0	100	0	0	22.5	0	0	32.5	0	0	42.5	0	4.212		38.2861	494.276	0.0159785	0	0.417345	0.0182345	33.5748	3		13.4618	11.9818	27.9021	0	53.7794	7.71112	
2022-12-05 15:40:40	127	70	6	80	0	0	102.5	0	0	90	0	0	92.5	0	0	91.25	0	4.266		48.4475	492.518	0.000442806	0	0.00913991	0.797194	1.43569	6		13.4618	11.8489	26.4727	0	53.7795	7.71113	
2022-12-05 15:26:50	57	71	5	142.5	0	0	57.5	0	0	85	0	0	75	0	0	90	0	9.009		65.0443	494.242	0.000781219	0	0.0120106	0.0301594	3.2311	6		13.4618	11.9907	26.2128	0	53.7794	7.71112	
2022-12-05 15:26:50	57	72	11	142.5	0	0	57.5	0	0	115	0	0	105	0	0	105	0	13.864		65.0443	494.242	0.000277688	0	0.00426922	2.90753	2.00806	6		13.4618	11.9907	26.2128	0	53.7794	7.71112	
2022-12-05 15:26:50	57	73	12	142.5	0	0	57.5	0	0	135	0	0	125	0	0	115	0	4.212		65.0443	494.242	0.00116167	0	0.0178597	0.0467922	1.43678	6		13.4618	11.9907	26.2128	0	53.7794	7.71112	
2022-12-05 15:28:18	65	74	6	102.5	0	0	17.5	0	0	65	0	0	55	0	0	60	0	16.09		52.2307	504.554	0.000349532	0	0.00669208	0.103494	3.74486	3		13.4618	11.84	26.2128	0	53.7794	7.71112	
2022-12-05 15:17:08	12	75	10	25	0	0	110	0	0	92.5	0	0	102.5	0	0	82.5	0	4.212		51.7397	489.947	0.000961505	0	0.0185835	0.0454002	1.49501	3		13.4618	11.9287	27.7722	0	53.7794	7.71112	
2022-12-05 15:26:26	55	76	1	152.5	0	0	67.5	0	0	85	0	0	75	0	0	95	0	4.212		75.4534	495.218	0.00266497	0	0.0353194	0.861183	2.84139	3		13.4618	12.2654	26.3428	0	53.7794	7.71112	
2022-12-05 15:36:11	107	77	1	27.5	0	0	50	0	0	30	0	0	32.5	0	0	35	0	1.339		33.3684	491.465	0.913217	0	27.3678	0.0413295	830.136	6		13.4618	12.0793	26.2128	0	53.7794	7.71112	
2022-12-05 15:26:50	57	78	6	142.5	0	0	57.5	0	0	105	0	0	95	0	0	100	0	16.09		65.0443	494.242	0.000319029	0	0.0049048	0.219835	2.74471	6		13.4618	11.9907	26.2128	0	53.7794	7.71112	
2022-12-05 15:17:47	16	79	2	45	0	0	130	0	0	62.5	0	0	72.5	0	0	77.5	0	9.009		86.0303	492.196	0.00114602	0	0.0133211	0.0874535	3.58366	3		13.4618	11.4767	27.5123	0	53.7794	7.71112	
2022-12-05 15:17:08	12	80	4	25	0	0	110	0	0	62.5	0	0	72.5	0	0	67.5	0	16.09		51.7397	489.947	0.000354888	0	0.0068591	0.0820878	3.83832	3		13.4618	11.9287	27.7722	0	53.7794	7.71112	
2022-12-05 15:26:26	55	81	2	152.5	0	0	67.5	0	0	105	0	0	95	0	0	105	0	13.864		75.4534	495.218	0.000430832	0	0.00570992	0.245859	2.68571	3		13.4618	12.2654	26.3428	0	53.7794	7.71112	
2022-12-05 15:18:07	18	82	1	55	0	0	140	0	0	62.5	0	0	72.5	0	0	82.5	0	4.212		66.0533	492.963	0.00277792	0	0.0420558	0.0104746	3.38332	3		13.453	11.3349	27.3823	0	53.7794	7.71112	
2022-12-05 15:26:26	55	83	6	152.5	0	0	67.5	0	0	115	0	0	105	0	0	110	0	16.09		75.4534	495.218	0.000297992	0	0.00394936	0.931438	2.21005	3		13.4618	12.2654	26.3428	0	53.7794	7.71112	
2022-12-05 15:18:07	18	84	5	55	0	0	140	0	0	72.5	0	0	82.5	0	0	87.5	0	9.009		66.0533	492.963	0.000763299	0	0.0115558	0.128575	3.10876	3		13.453	11.3349	27.3823	0	53.7794	7.71112	
2022-12-05 15:18:07	18	85	6	55	0	0	140	0	0	92.5	0	0	102.5	0	0	97.5	0	16.09		66.0533	492.963	0.000301948	0	0.00457128	0.234823	2.55807	3		13.453	11.3349	27.3823	0	53.7794	7.71112	
2022-12-05 15:26:26	55	86	12	152.5	0	0	67.5	0	0	145	0	0	135	0	0	125	0	4.212		75.4534	495.218	0.00130118	0	0.0172449	0.0286596	1.38732	3		13.4618	12.2654	26.3428	0	53.7794	7.71112	
2022-12-05 15:27:18	59	87	5	132.5	0	0	47.5	0	0	75	0	0	65	0	0	80	0	9.009		69.3355	494.087	0.000903581	0	0.013032	0.0798876	3.50589	3		13.4618	11.9198	26.2128	0	53.7794	7.71112	
2022-12-05 15:32:26	88	88	7	62.5	0	0	22.5	0	0	55	0	0	50	0	0	47.5	0	3.919		40.1308	491.033	0.00165707	0	0.0412917	0.0729363	4.40274	3		13.4618	11.9375	26.2128	0	53.7794	7.71112	
2022-12-05 15:34:13	98	89	5	112.5	0	0	135	0	0	117.5	0	0	120	0	0	121.25	0	2.544		440.131	267.058	0.00735789	0	0.0167175	0.0826736	1.37864	3		13.4618	11.5121	26.2128	0	53.7794	7.71112	
2022-12-05 15:34:13	98	90	12	112.5	0	0	135	0	0	130	0	0	132.5	0	0	127.5	0	1.339		440.131	267.058	0.0213436	0	0.0484938	0.0103221	1.47094	3		13.4618	11.5121	26.2128	0	53.7794	7.71112	
2022-12-05 15:26:08	54	91	12	157.5	0	0	72.5	0	0	150	0	0	140	0	0	130	0	4.212		94.7603	493.219	0.00156877	0	0.0165551	0.0851644	1.33183	6		13.4618	11.6539	26.4727	0	53.7794	7.71112	
2022-12-05 15:18:16	19	92	11	60	0	0	145	0	0	107.5	0	0	117.5	0	0	107.5	0	13.864		53.9528	490.062	0.000219717	0	0.00407239	1.00953	1.91548	3		13.4618	11.9198	27.2524	0	53.7794	7.71112	
2022-12-05 15:40:02	124	93	5	12.5	0	0	35	0	0	17.5	0	0	20	0	0	21.25	0	2.544		27.4079	490.456	0.0997577	0	3.63974	0.134918	300.158	3		13.453	11.2551	26.4727	0	53.7795	7.71113	
2022-12-05 15:27:39	61	94	6	122.5	0	0	37.5	0	0	105	0	0	95	0	0	90	0	9.009		64.3783	492.128	0.000471961	0	0.00733106	0.463808	1.97221	3		13.4618	12.292	26.0829	0	53.7794	7.71112	
2022-12-05 15:25:52	53	95	2	132.5	0	0	2.5	0	0	45	0	0	30	0	0	52.5	0	14.099		129.295	494.698	0.00252119	0	0.0194996	0.0309193	8.44572	3		13.4618	11.973	26.2128	0	53.7794	7.71112	
2022-12-05 15:28:08	64	96	2	107.5	0	0	22.5	0	0	50	0	0	40	0	0	55	0	9.009		86.6494	494.153	0.00175928	0	0.0203034	0.07005	5.46206	3		13.4618	12.035	26.0829	0	53.7794	7.71112	
2022-12-05 15:25:52	53	97	3	132.5	0	0	2.5	0	0	60	0	0	45	0	0	60	0	21.347		129.295	494.698	0.000985381	0	0.0076212	0.0398388	5.63183	3		13.4618	11.973	26.2128	0	53.7794	7.71112	
2022-12-05 15:33:24	94	98	5	22.5	0	0	45	0	0	27.5	0	0	30	0	0	31.25	0	2.544		50.0833	494.293	0.0625494	0	1.24891	0.0356431	102.993	3		13.4618	11.8666	26.2128	0	53.7794	7.71112	
2022-12-05 15:25:52	53	99	4	132.5	0	0	2.5	0	0	75	0	0	60	0	0	67.5	0	24.621		129.295	494.698	0.000755449	0	0.00584285	0.116198	5.1014	3		13.4618	11.973	26.2128	0	53.7794	7.71112	
2022-12-05 15:24:36	48	100	7	157.5	0	0	27.5	0	0	130	0	0	115	0	0	107.5	0	14.099		55.93	497.761	-0.00182161	0	-0.0325695	201.292	-14.1066	6		13.453	11.6185	26.3428	0	53.7794	7.71112	
2022-12-05 15:21:17	34	101	9	60	0	0	100	0	0	87.5	0	0	92.5	0	0	85	0	3.919		34.5334	490.644	0.000573158	0	0.0165972	0.131443	1.76968	3		13.4618	11.5476	26.4727	0	53.7794	7.71112	
2022-12-05 15:33:05	92	102	2	42.5	0	0	2.5	0	0	20	0	0	15	0	0	20	0	6.387		42.551	490.626	0.00246343	0	0.0578936	0.0300977	11.7576	3		13.4618	11.9021	26.0829	0	53.7794	7.71112	
2022-12-05 15:38:10	115	103	5	75	0	0	97.5	0	0	90	0	0	92.5	0	0	88.75	0	2.544		49.7209	497.05	0.000782707	0	0.015742	0.782426	1.29819	3		13.4618	11.8312	26.3428	0	53.7794	7.71112	
2022-12-05 15:25:52	53	104	9	132.5	0	0	2.5	0	0	105	0	0	90	0	0	82.5	0	14.099		129.295	494.698	0.000700558	0	0.0054183	0.794899	2.34679	3		13.4618	11.973	26.2128	0	53.7794	7.71112	
2022-12-05 15:44:28	146	105	5	110	0	0	132.5	0	0	125	0	0	127.5	0	0	123.75	0	2.544		239.298	322.013	0.00418947	0	0.0175073	0.0101518	1.44378	3		13.4707	12.0084	26.7326	0	53.7795	7.71113	
2022-12-05 15:44:28	146	106	12	110	0	0	132.5	0	0	112.5	0	0	115	0	0	117.5	0	1.339		239.298	322.013	0.0115873	0	0.0484221	0.0414309	1.46877	3		13.4707	12.0084	26.7326	0	53.7795	7.71113	
2022-12-05 15:38:19	116	107	7	97.5	0	0	120	0	0	112.5	0	0	115	0	0	111.25	0	2.544		95.2266	496.112	0.00152469	0	0.0160112	0.132993	1.32039	3		13.4618	11.7957	26.3428	0	53.7794	7.71112	
2022-12-05 15:25:34	52	108	2	137.5	0	0	7.5	0	0	50	0	0	35	0	0	57.5	0	14.099		69.583	504.624	-0.0534796	0	-0.768572	136.868	-332.886	6		13.4618	12.035	26.3428	0	53.7794	7.71112	
2022-12-05 15:28:18	65	109	11	102.5	0	0	17.5	0	0	75	0	0	65	0	0	65	0	13.864		52.2307	504.554	0.00035398	0	0.00677725	0.348736	3.18773	3		13.4618	11.84	26.2128	0	53.7794	7.71112	
2022-12-05 15:30:10	76	110	12	122.5	0	0	82.5	0	0	120	0	0	115	0	0	110	0	1.511		85.4935	491.004	0.0055694	0	0.0651441	0.182666	1.51167	3		13.4618	11.7071	26.2128	0	53.7794	7.71112	
2022-12-05 15:33:46	96	111	2	67.5	0	0	90	0	0	75	0	0	77.5	0	0	77.5	0	3.737		47.9027	495.434	0.00106524	0	0.0222375	0.147779	2.99405	6		13.4618	11.8578	26.2128	0	53.7794	7.71112	
2022-12-05 15:25:15	50	112	3	147.5	0	0	17.5	0	0	75	0	0	60	0	0	75	0	21.347		126.397	492.37	0.000882325	0	0.00698057	0.117224	5.15843	3		13.453	12.2566	26.0829	0	53.7794	7.71112	
2022-12-05 15:16:59	11	113	2	20	0	0	105	0	0	47.5	0	0	57.5	0	0	57.5	0	13.864		85.2542	491.094	0.000557405	0	0.00653815	0.0574703	3.07527	3		13.4618	11.6628	27.9021	0	53.7794	7.71112	
2022-12-05 15:16:12	7	114	11	0	0	0	85	0	0	47.5	0	0	57.5	0	0	47.5	0	13.864		45.1842	492.5	0.000229789	0	0.0050856	1.87398	2.39206	6		13.4618	11.4944	28.4219	0	53.7794	7.71112	
2022-12-05 15:38:19	116	115	1	97.5	0	0	120	0	0	100	0	0	102.5	0	0	105	0	1.339		95.2266	496.112	0.0936073	0	0.982995	0.0402059	29.8168	3		13.4618	11.7957	26.3428	0	53.7794	7.71112	
2022-12-05 15:25:15	50	116	6	147.5	0	0	17.5	0	0	120	0	0	105	0	0	97.5	0	14.099		126.397	492.37	0.000585385	0	0.00463132	0.226587	2.00593	3		13.453	12.2566	26.0829	0	53.7794	7.71112	
2022-12-05 15:25:24	51	117	1	142.5	0	0	12.5	0	0	40	0	0	25	0	0	55	0	6.896		53.8072	491.946	0.00331878	0	0.0616791	0.171358	8.6347	3		13.453	11.6805	26.3428	0	53.7794	7.71112	
2022-12-05 15:38:10	115	118	1	75	0	0	97.5	0	0	92.5	0	0	95	0	0	90	0	1.339		49.7209	497.05	0.0538586	0	1.08322	0.0650772	32.8569	3		13.4618	11.8312	26.3428	0	53.7794	7.71112	
2022-12-05 15:32:46	90	119	1	52.5	0	0	12.5	0	0	20	0	0	15	0	0	25	0	1.511		31.2113	492.487	1.17102	0	37.5191	0.0335161	870.628	3		13.4618	11.8844	26.2128	0	53.7794	7.71112	
2022-12-05 15:18:07	18	120	11	55	0	0	140	0	0	102.5	0	0	112.5	0	0	102.5	0	13.864		66.0533	492.963	0.000292561	0	0.00442917	0.152186	2.0833	3		13.453	11.3349	27.3823	0	53.7794	7.71112	
2022-12-05 15:25:00	49	121	5	152.5	0	0	22.5	0	0	65	0	0	50	0	0	72.5	0	14.099		114.548	499.218	0.0012085	0	0.0105502	0.0392108	4.56952	3		13.4618	12.3895	26.3428	0	53.7794	7.71112	
2022-12-05 15:24:36	48	122	2	157.5	0	0	27.5	0	0	85	0	0	70	0	0	85	0	21.347		55.93	497.761	0.000364277	0	0.00651309	0.209047	4.81297	6		13.453	11.6185	26.3428	0	53.7794	7.71112	
2022-12-05 15:19:13	24	123	5	10	0	0	50	0	0	17.5	0	0	22.5	0	0	25	0	3.919		38.4493	488.632	0.0132263	0	0.343993	0.00671496	36.6783	3		13.4618	11.6185	26.9925	0	53.7794	7.71112	
2022-12-05 15:25:00	49	124	6	152.5	0	0	22.5	0	0	95	0	0	80	0	0	87.5	0	24.621		114.548	499.218	0.000560587	0	0.00489391	0.0372477	4.27288	3		13.4618	12.3895	26.3428	0	53.7794	7.71112	
2022-12-05 15:31:57	85	125	2	77.5	0	0	37.5	0	0	55	0	0	50	0	0	55	0	6.387		53.9804	491.752	0.00097885	0	0.0181334	0.122932	3.68272	3		13.4618	12.0793	26.2128	0	53.7794	7.71112	
2022-12-05 15:34:32	100	126	1	2.5	0	0	25	0	0	5	0	0	7.5	0	0	10	0	1.339		41.343	490.627	1.53681	0	37.1722	0.00932679	1127.53	6		13.4618	11.7514	26.2128	0	53.7794	7.71112	
2022-12-05 15:19:13	24	127	6	10	0	0	50	0	0	27.5	0	0	32.5	0	0	30	0	7.561		38.4493	488.632	0.000949321	0	0.0246902	0.39312	6.10837	3		13.4618	11.6185	26.9925	0	53.7794	7.71112	
2022-12-05 15:24:36	48	128	1	157.5	0	0	27.5	0	0	55	0	0	40	0	0	70	0	6.896		55.93	497.761	0.00209924	0	0.0375334	0.151762	5.25445	6		13.453	11.6185	26.3428	0	53.7794	7.71112	
2022-12-05 15:24:36	48	129	5	157.5	0	0	27.5	0	0	70	0	0	55	0	0	77.5	0	14.099		55.93	497.761	0.000563047	0	0.010067	0.217953	4.36025	6		13.453	11.6185	26.3428	0	53.7794	7.71112	
2022-12-05 15:25:24	51	130	7	142.5	0	0	12.5	0	0	130	0	0	115	0	0	100	0	6.896		53.8072	491.946	0.000594887	0	0.0110559	0.50628	1.54776	3		13.453	11.6805	26.3428	0	53.7794	7.71112	
2022-12-05 15:24:36	48	131	6	157.5	0	0	27.5	0	0	100	0	0	85	0	0	92.5	0	24.621		55.93	497.761	0.000243319	0	0.00435042	0.861705	3.79836	6		13.453	11.6185	26.3428	0	53.7794	7.71112	
2022-12-05 15:37:16	112	132	7	7.5	0	0	30	0	0	22.5	0	0	25	0	0	21.25	0	2.544		31.1401	491.06	0.0365448	0	1.17356	0.0308485	96.7799	6		13.4618	11.3792	26.3428	0	53.7794	7.71112	
2022-12-05 15:24:36	48	133	11	157.5	0	0	27.5	0	0	115	0	0	100	0	0	100	0	21.347		55.93	497.761	0.0023863	0	0.0426657	161.328	31.5286	6		13.453	11.6185	26.3428	0	53.7794	7.71112	
2022-12-05 15:20:48	31	134	12	45	0	0	85	0	0	77.5	0	0	82.5	0	0	72.5	0	1.511		51.9523	492.037	0.0896963	0	1.72651	0.0372068	40.0636	3		13.4618	11.521	26.6027	0	53.7794	7.71112	
2022-12-05 15:42:29	136	135	6	17.5	0	0	40	0	0	27.5	0	0	30	0	0	28.75	0	4.266		40.9783	491.748	0.00184969	0	0.0451382	0.844405	7.09029	3		13.453	11.2374	26.6027	0	53.7795	7.71113	
2022-12-05 15:24:27	47	136	12	115	0	0	155	0	0	147.5	0	0	152.5	0	0	142.5	0	1.511		138.175	501.313	0.00878503	0	0.0635788	0.00232071	1.47534	3		13.4441	11.5476	26.4727	0	53.7794	7.71112	
2022-12-05 15:35:09	103	137	11	70	0	0	92.5	0	0	82.5	0	0	85	0	0	82.5	0	3.737		47.9628	493.871	0.000657349	0	0.0137054	1.02862	1.84529	6		13.4618	11.8666	26.2128	0	53.7794	7.71112	
2022-12-05 15:24:27	47	138	11	115	0	0	155	0	0	137.5	0	0	142.5	0	0	137.5	0	6.387		138.175	501.313	0.00106099	0	0.0076786	0.0334708	1.55945	3		13.4441	11.5476	26.4727	0	53.7794	7.71112	
2022-12-05 15:35:09	103	139	7	70	0	0	92.5	0	0	77.5	0	0	80	0	0	80	0	3.737		47.9628	493.871	0.000676482	0	0.0141043	0.295549	1.899	6		13.4618	11.8666	26.2128	0	53.7794	7.71112	
2022-12-05 15:36:29	108	140	5	50	0	0	72.5	0	0	65	0	0	67.5	0	0	63.75	0	2.544		43.1489	491.699	0.00921035	0	0.213455	0.0529296	17.6029	6		13.4618	11.8844	26.3428	0	53.7794	7.71112	
2022-12-05 15:27:39	61	141	3	122.5	0	0	37.5	0	0	75	0	0	65	0	0	75	0	13.864		64.3783	492.128	0.000531527	0	0.00825631	0.116162	3.88342	3		13.4618	12.292	26.0829	0	53.7794	7.71112	
2022-12-05 15:37:16	112	142	5	7.5	0	0	30	0	0	12.5	0	0	15	0	0	16.25	0	2.544		31.1401	491.06	0.0748697	0	2.40429	0.0425174	198.274	6		13.4618	11.3792	26.3428	0	53.7794	7.71112	
2022-12-05 15:41:18	130	143	7	15	0	0	37.5	0	0	20	0	0	22.5	0	0	23.75	0	2.544		32.8867	491.59	0.156493	0	4.75857	0.072223	392.424	3		13.4618	11.9907	26.4727	0	53.7795	7.71113	
2022-12-05 15:24:17	46	144	12	110	0	0	150	0	0	142.5	0	0	147.5	0	0	137.5	0	1.511		239.347	320.306	0.0152568	0	0.0637434	0.00382337	1.47916	3		13.4353	11.069	26.4727	0	53.7794	7.71112	
2022-12-05 15:25:24	51	145	6	142.5	0	0	12.5	0	0	115	0	0	100	0	0	92.5	0	14.099		53.8072	491.946	0.00026238	0	0.00487629	1.34788	2.11204	3		13.453	11.6805	26.3428	0	53.7794	7.71112	
2022-12-05 15:31:44	84	146	6	82.5	0	0	42.5	0	0	65	0	0	60	0	0	62.5	0	7.561		36.7411	490.218	0.000432641	0	0.0117754	0.106541	2.91324	4		13.4618	12.1591	26.0829	0	53.7794	7.71112	
2022-12-05 15:24:17	46	147	7	110	0	0	150	0	0	137.5	0	0	142.5	0	0	135	0	3.919		239.347	320.306	0.00318151	0	0.0132924	0.010942	1.41731	3		13.4353	11.069	26.4727	0	53.7794	7.71112	
2022-12-05 15:15:10	2	148	10	5	0	0	135	0	0	107.5	0	0	122.5	0	0	92.5	0	6.896		35.8301	494.26	0.000398224	0	0.0111142	0.641104	1.55593	6		13.4618	11.973	29.2016	0	53.7794	7.71112	
2022-12-05 15:41:09	129	149	5	125	0	0	147.5	0	0	140	0	0	142.5	0	0	138.75	0	2.544		497.743	120.948	0.0084014	0	0.016879	0.168553	1.39196	3		13.4618	11.6096	26.4727	0	53.7795	7.71113	
2022-12-05 15:25:34	52	150	4	137.5	0	0	7.5	0	0	80	0	0	65	0	0	72.5	0	24.621		69.583	504.624	-0.0517812	0	-0.744165	135.257	-649.731	6		13.4618	12.035	26.3428	0	53.7794	7.71112	
2022-12-05 15:16:29	8	151	5	5	0	0	90	0	0	22.5	0	0	32.5	0	0	37.5	0	9.009		27.9809	491.676	0.000892563	0	0.031899	0.11407	8.58151	3		13.4707	11.973	28.162	0	53.7794	7.71112	
2022-12-05 15:41:09	129	152	6	125	0	0	147.5	0	0	135	0	0	137.5	0	0	136.25	0	4.266		497.743	120.948	0.00430942	0	0.00865792	0.0313038	1.35998	3		13.4618	11.6096	26.4727	0	53.7795	7.71113	
2022-12-05 15:26:50	57	153	7	142.5	0	0	57.5	0	0	125	0	0	115	0	0	110	0	9.009		65.0443	494.242	0.000430136	0	0.00661297	0.333886	1.77903	6		13.4618	11.9907	26.2128	0	53.7794	7.71112	
2022-12-05 15:25:00	49	154	11	152.5	0	0	22.5	0	0	110	0	0	95	0	0	95	0	21.347		114.548	499.218	0.00047617	0	0.00415695	0.457583	3.07186	3		13.4618	12.3895	26.3428	0	53.7794	7.71112	
2022-12-05 15:17:47	16	155	4	45	0	0	130	0	0	82.5	0	0	92.5	0	0	87.5	0	16.09		86.0303	492.196	0.000552428	0	0.00642133	0.0834203	3.59335	3		13.4618	11.4767	27.5123	0	53.7794	7.71112	
2022-12-05 15:24:17	46	156	2	110	0	0	150	0	0	122.5	0	0	127.5	0	0	127.5	0	6.387		239.347	320.306	0.00184083	0	0.00769106	0.0218241	1.56198	3		13.4353	11.069	26.4727	0	53.7794	7.71112	
2022-12-05 15:15:10	2	157	9	5	0	0	135	0	0	92.5	0	0	107.5	0	0	85	0	14.099		35.8301	494.26	0.000194154	0	0.00541874	1.58427	2.34698	6		13.4618	11.973	29.2016	0	53.7794	7.71112	
2022-12-05 15:24:17	46	158	1	110	0	0	150	0	0	112.5	0	0	117.5	0	0	122.5	0	1.511		239.347	320.306	0.0153175	0	0.0639968	0.0166886	1.48504	3		13.4353	11.069	26.4727	0	53.7794	7.71112	
2022-12-05 15:24:02	45	159	12	105	0	0	145	0	0	137.5	0	0	142.5	0	0	132.5	0	1.511		429.206	273.683	0.0274113	0	0.0638651	0.0108611	1.48199	3		13.4353	12.6554	25.9529	0	53.7794	7.71112	
2022-12-05 15:37:16	112	160	6	7.5	0	0	30	0	0	17.5	0	0	20	0	0	18.75	0	4.266		31.1401	491.06	0.00449238	0	0.144264	1.28897	22.6609	6		13.4618	11.3792	26.3428	0	53.7794	7.71112	
2022-12-05 15:29:17	71	161	11	147.5	0	0	107.5	0	0	135	0	0	130	0	0	130	0	6.387		239.313	349.659	0.00180423	0	0.00753921	0.0197369	1.53114	3		13.4441	10.9095	26.0829	0	53.7794	7.71112	
2022-12-05 15:24:02	45	162	6	105	0	0	145	0	0	122.5	0	0	127.5	0	0	125	0	7.561		429.206	273.683	0.00284864	0	0.00663701	0.0172794	1.642	3		13.4353	12.6554	25.9529	0	53.7794	7.71112	
2022-12-05 15:27:39	61	163	7	122.5	0	0	37.5	0	0	115	0	0	105	0	0	95	0	4.212		64.3783	492.128	0.00111065	0	0.0172519	0.185486	1.38788	3		13.4618	12.292	26.0829	0	53.7794	7.71112	
2022-12-05 15:24:27	47	164	6	115	0	0	155	0	0	132.5	0	0	137.5	0	0	135	0	7.561		138.175	501.313	0.000805331	0	0.00582832	0.087068	1.44193	3		13.4441	11.5476	26.4727	0	53.7794	7.71112	
2022-12-05 15:32:36	89	165	2	57.5	0	0	17.5	0	0	35	0	0	30	0	0	35	0	6.387		42.5529	490.603	0.00144865	0	0.0340436	0.115651	6.9139	3		13.4618	11.8932	26.2128	0	53.7794	7.71112	
2022-12-05 15:36:29	108	166	6	50	0	0	72.5	0	0	60	0	0	62.5	0	0	61.25	0	4.266		43.1489	491.699	0.000640549	0	0.0148451	1.11417	2.33186	6		13.4618	11.8844	26.3428	0	53.7794	7.71112	
2022-12-05 15:30:00	75	167	11	127.5	0	0	87.5	0	0	115	0	0	110	0	0	110	0	6.387		104.081	496.963	0.000784668	0	0.00753902	0.0457256	1.5311	3		13.453	11.5121	26.2128	0	53.7794	7.71112	
2022-12-05 15:32:36	89	168	5	57.5	0	0	17.5	0	0	30	0	0	25	0	0	32.5	0	3.919		42.5529	490.603	0.0102957	0	0.24195	0.390712	25.7979	3		13.4618	11.8932	26.2128	0	53.7794	7.71112	
2022-12-05 15:19:53	27	169	11	25	0	0	65	0	0	47.5	0	0	52.5	0	0	47.5	0	6.387		28.6879	489.415	0.000448013	0	0.0156168	0.0913866	3.17161	6		13.4707	11.9641	26.7326	0	53.7794	7.71112	
2022-12-05 15:36:29	108	170	7	50	0	0	72.5	0	0	55	0	0	57.5	0	0	58.75	0	2.544		43.1489	491.699	0.0167047	0	0.387139	0.259552	31.9261	6		13.4618	11.8844	26.3428	0	53.7794	7.71112	
2022-12-05 15:30:00	75	171	6	127.5	0	0	87.5	0	0	110	0	0	105	0	0	107.5	0	7.561		104.081	496.963	0.000706446	0	0.00678747	0.0721984	1.67922	3		13.453	11.5121	26.2128	0	53.7794	7.71112	
2022-12-05 15:28:57	69	172	12	157.5	0	0	117.5	0	0	155	0	0	150	0	0	145	0	1.511		131.507	501.162	0.00758175	0	0.0576529	0.0059793	1.33783	3		13.4618	11.9641	26.0829	0	53.7794	7.71112	
2022-12-05 15:38:56	119	173	7	32.5	0	0	55	0	0	47.5	0	0	50	0	0	46.25	0	2.544		35.3603	494.428	0.0132897	0	0.375837	0.136954	30.9941	6		13.4618	11.8489	26.3428	0	53.7794	7.71112	
2022-12-05 15:27:39	61	174	1	122.5	0	0	37.5	0	0	55	0	0	45	0	0	65	0	4.212		64.3783	492.128	0.00601715	0	0.0934655	0.37779	7.51915	3		13.4618	12.292	26.0829	0	53.7794	7.71112	
2022-12-05 15:41:09	129	175	7	125	0	0	147.5	0	0	130	0	0	132.5	0	0	133.75	0	2.544		497.743	120.948	0.00859114	0	0.0172602	0.0149327	1.42339	3		13.4618	11.6096	26.4727	0	53.7795	7.71113	
2022-12-05 15:22:35	42	176	11	100	0	0	140	0	0	122.5	0	0	127.5	0	0	122.5	0	6.387		93.196	496.788	0.000662271	0	0.00710622	0.217503	1.4432	3		13.4618	11.1931	26.3428	0	53.7794	7.71112	
2022-12-05 15:16:39	9	177	11	10	0	0	95	0	0	57.5	0	0	67.5	0	0	57.5	0	13.864		44.28	492.704	0.000384713	0	0.00868819	0.312737	4.08656	3		13.4618	11.7337	28.162	0	53.7794	7.71112	
2022-12-05 15:33:46	96	178	11	67.5	0	0	90	0	0	80	0	0	82.5	0	0	80	0	3.737		47.9027	495.434	0.000923636	0	0.0192815	1.06562	2.59605	6		13.4618	11.8578	26.2128	0	53.7794	7.71112	
2022-12-05 15:26:26	55	179	11	152.5	0	0	67.5	0	0	125	0	0	115	0	0	115	0	13.864		75.4534	495.218	0.000343073	0	0.00454682	0.49801	2.13864	3		13.4618	12.2654	26.3428	0	53.7794	7.71112	
2022-12-05 15:22:35	42	180	6	100	0	0	140	0	0	117.5	0	0	122.5	0	0	120	0	7.561		93.196	496.788	0.000540047	0	0.00579474	0.368505	1.43362	3		13.4618	11.1931	26.3428	0	53.7794	7.71112	
2022-12-05 15:20:37	30	181	1	40	0	0	80	0	0	42.5	0	0	47.5	0	0	52.5	0	1.511		37.9031	491.299	0.902078	0	23.7996	0.0188556	552.268	3		13.4618	11.5919	26.6027	0	53.7794	7.71112	
2022-12-05 15:27:49	62	182	7	117.5	0	0	32.5	0	0	110	0	0	100	0	0	90	0	4.212		47.1372	493.473	0.000833067	0	0.0176732	0.0801604	1.42178	3		13.4618	11.9552	26.0829	0	53.7794	7.71112	
2022-12-05 15:22:35	42	183	2	100	0	0	140	0	0	112.5	0	0	117.5	0	0	117.5	0	6.387		93.196	496.788	0.00067155	0	0.00720579	0.19475	1.46342	3		13.4618	11.1931	26.3428	0	53.7794	7.71112	
2022-12-05 15:16:03	6	184	3	25	0	0	155	0	0	67.5	0	0	82.5	0	0	82.5	0	21.347		59.1114	488.912	0.00035241	0	0.00596179	0.246722	4.40557	3		13.4618	11.9375	28.5519	0	53.7794	7.71112	
2022-12-05 15:27:58	63	185	10	112.5	0	0	27.5	0	0	105	0	0	95	0	0	85	0	4.212		51.8761	481.498	0.000956376	0	0.0184358	0.00660544	1.48313	3		13.4618	12.035	26.0829	0	53.7794	7.71112	
2022-12-05 15:29:27	72	186	1	142.5	0	0	102.5	0	0	110	0	0	105	0	0	115	0	1.511		92.0261	495.28	0.0143541	0	0.155979	0.0329067	3.61948	3		13.453	11.3881	26.0829	0	53.7794	7.71112	
2022-12-05 15:31:57	85	187	11	77.5	0	0	37.5	0	0	65	0	0	60	0	0	60	0	6.387		53.9804	491.752	0.000704546	0	0.0130519	0.104737	2.65071	3		13.4618	12.0793	26.2128	0	53.7794	7.71112	
2022-12-05 15:27:49	62	188	2	117.5	0	0	32.5	0	0	60	0	0	50	0	0	65	0	9.009		47.1372	493.473	0.000678878	0	0.0144022	0.0946447	3.87449	3		13.4618	11.9552	26.0829	0	53.7794	7.71112	
2022-12-05 15:25:24	51	189	3	142.5	0	0	12.5	0	0	70	0	0	55	0	0	70	0	21.347		53.8072	491.946	0.000385444	0	0.00716343	0.31986	5.29355	3		13.453	11.6805	26.3428	0	53.7794	7.71112	
2022-12-05 15:24:27	47	190	5	115	0	0	155	0	0	122.5	0	0	127.5	0	0	130	0	3.919		138.175	501.313	0.0018449	0	0.0133518	0.0238684	1.42364	3		13.4441	11.5476	26.4727	0	53.7794	7.71112	
2022-12-05 15:22:25	41	191	11	95	0	0	135	0	0	117.5	0	0	122.5	0	0	117.5	0	6.387		101.802	499.446	0.000727212	0	0.0071434	0.638892	1.45075	3		13.4618	11.0158	26.3428	0	53.7794	7.71112	
2022-12-05 15:22:25	41	192	6	95	0	0	135	0	0	112.5	0	0	117.5	0	0	115	0	7.561		101.802	499.446	0.000625836	0	0.00614758	0.69041	1.52091	3		13.4618	11.0158	26.3428	0	53.7794	7.71112	
2022-12-05 15:30:20	77	193	7	117.5	0	0	77.5	0	0	110	0	0	105	0	0	102.5	0	3.919		91.9109	498.232	0.00121007	0	0.0131657	0.0329097	1.4038	3		13.4618	11.778	26.2128	0	53.7794	7.71112	
2022-12-05 15:30:00	75	194	2	127.5	0	0	87.5	0	0	105	0	0	100	0	0	105	0	6.387		104.081	496.963	0.000941005	0	0.00904109	0.0811256	1.83615	3		13.453	11.5121	26.2128	0	53.7794	7.71112	
2022-12-05 15:28:37	67	195	6	92.5	0	0	7.5	0	0	55	0	0	45	0	0	50	0	16.09		48.3879	488.177	0.000390231	0	0.00806463	0.124817	4.51294	3		13.4618	12.0882	26.0829	0	53.7794	7.71112	
2022-12-05 15:22:25	41	196	5	95	0	0	135	0	0	102.5	0	0	107.5	0	0	110	0	3.919		101.802	499.446	0.00154468	0	0.0151734	0.270996	1.61787	3		13.4618	11.0158	26.3428	0	53.7794	7.71112	
2022-12-05 15:28:28	66	197	5	97.5	0	0	12.5	0	0	40	0	0	30	0	0	45	0	9.009		35.2447	492.65	0.00103517	0	0.0293709	0.0632175	7.90139	3		13.4618	12.0084	26.0829	0	53.7794	7.71112	
2022-12-05 15:19:39	26	198	6	20	0	0	60	0	0	37.5	0	0	42.5	0	0	40	0	7.561		34.6034	489.251	0.000660378	0	0.0190842	0.174883	4.72145	4		13.4618	11.5564	26.8626	0	53.7794	7.71112	
2022-12-05 15:22:25	41	199	1	95	0	0	135	0	0	97.5	0	0	102.5	0	0	107.5	0	1.511		101.802	499.446	0.105739	0	1.03867	0.0517746	24.1023	3		13.4618	11.0158	26.3428	0	53.7794	7.71112	
2022-12-05 15:22:06	39	200	12	85	0	0	125	0	0	117.5	0	0	122.5	0	0	112.5	0	1.511		123.375	494.702	0.00789261	0	0.0639725	0.025937	1.48448	3		13.4618	11.2285	26.3428	0	53.7794	7.71112	
2022-12-05 15:24:02	45	201	1	105	0	0	145	0	0	107.5	0	0	112.5	0	0	117.5	0	1.511		429.206	273.683	0.0334278	0	0.077883	0.00747354	1.80727	3		13.4353	12.6554	25.9529	0	53.7794	7.71112	
2022-12-05 15:37:52	114	202	5	52.5	0	0	75	0	0	57.5	0	0	60	0	0	61.25	0	2.544		41.9477	492.987	0.0129299	0	0.308238	6.09962	25.4194	6		13.4618	11.8844	26.3428	0	53.7794	7.71112	
2022-12-05 15:42:41	137	203	7	40	0	0	62.5	0	0	45	0	0	47.5	0	0	48.75	0	2.544		31.3238	495.768	0.0268925	0	0.858532	0.0159348	70.8004	3		13.4618	11.8223	26.6027	0	53.7795	7.71113	
2022-12-05 15:42:41	137	204	1	40	0	0	62.5	0	0	57.5	0	0	60	0	0	55	0	1.339		31.3238	495.768	0.464213	0	14.8198	0.0286709	449.524	3		13.4618	11.8223	26.6027	0	53.7795	7.71113	
2022-12-05 15:39:42	122	205	6	100	0	0	122.5	0	0	110	0	0	112.5	0	0	111.25	0	4.266		91.054	492.816	0.000891105	0	0.00978656	0.414788	1.53727	3		13.4618	11.6894	26.4727	0	53.7795	7.71113	
2022-12-05 15:21:46	37	206	11	75	0	0	115	0	0	97.5	0	0	102.5	0	0	97.5	0	6.387		56.7815	496.04	0.000468472	0	0.00825044	0.215542	1.67558	3		13.4618	11.4058	26.4727	0	53.7794	7.71112	
2022-12-05 15:39:42	122	207	7	100	0	0	122.5	0	0	105	0	0	107.5	0	0	108.75	0	2.544		91.054	492.816	0.00183429	0	0.0201451	0.334345	1.6613	3		13.4618	11.6894	26.4727	0	53.7795	7.71113	
2022-12-05 15:21:56	38	208	12	80	0	0	120	0	0	112.5	0	0	117.5	0	0	107.5	0	1.511		92.7704	489.229	0.00588665	0	0.063454	0.00668322	1.47245	3		13.4618	11.9552	26.3428	0	53.7794	7.71112	
2022-12-05 15:30:10	76	209	11	122.5	0	0	82.5	0	0	110	0	0	105	0	0	105	0	6.387		85.4935	491.004	0.000658235	0	0.00769924	0.0450552	1.56364	3		13.4618	11.7071	26.2128	0	53.7794	7.71112	
2022-12-05 15:30:10	76	210	6	122.5	0	0	82.5	0	0	105	0	0	100	0	0	102.5	0	7.561		85.4935	491.004	0.000628671	0	0.00735343	0.0580794	1.81924	3		13.4618	11.7071	26.2128	0	53.7794	7.71112	
2022-12-05 15:22:16	40	211	1	90	0	0	130	0	0	92.5	0	0	97.5	0	0	102.5	0	1.511		124.162	495.367	0.0688112	0	0.554204	0.157436	12.8603	3		13.4618	11.8932	26.3428	0	53.7794	7.71112	
2022-12-05 15:21:56	38	212	6	80	0	0	120	0	0	97.5	0	0	102.5	0	0	100	0	7.561		92.7704	489.229	0.000653214	0	0.00704119	0.134763	1.74199	3		13.4618	11.9552	26.3428	0	53.7794	7.71112	
2022-12-05 15:22:16	40	213	6	90	0	0	130	0	0	107.5	0	0	112.5	0	0	110	0	7.561		124.162	495.367	0.000811549	0	0.00653621	0.259491	1.61706	3		13.4618	11.8932	26.3428	0	53.7794	7.71112	
2022-12-05 15:14:54	1	214	8	0	0	0	130	0	0	72.5	0	0	87.5	0	0	72.5	0	21.347		68.5673	492.843	0.000350317	0	0.0051091	0.381349	3.77546	3		13.4796	12.1148	29.3315	0	53.7794	7.71112	
2022-12-05 15:19:22	25	215	7	15	0	0	55	0	0	42.5	0	0	47.5	0	0	40	0	3.919		32.7266	491.069	0.00171022	0	0.0522578	1.04867	5.572	6		13.4618	11.5476	26.8626	0	53.7794	7.71112	
2022-12-05 15:22:06	39	216	6	85	0	0	125	0	0	102.5	0	0	107.5	0	0	105	0	7.561		123.375	494.702	0.000831237	0	0.00673748	0.279253	1.66685	3		13.4618	11.2285	26.3428	0	53.7794	7.71112	
2022-12-05 15:30:10	76	217	1	122.5	0	0	82.5	0	0	90	0	0	85	0	0	95	0	1.511		85.4935	491.004	0.149017	0	1.74302	0.0212312	40.4466	3		13.4618	11.7071	26.2128	0	53.7794	7.71112	
2022-12-05 15:30:57	80	218	11	102.5	0	0	62.5	0	0	90	0	0	85	0	0	85	0	6.387		37.0997	492.84	0.000384924	0	0.0103754	0.0952163	2.10714	6		13.4618	11.8666	26.0829	0	53.7794	7.71112	
2022-12-05 15:22:16	40	219	2	90	0	0	130	0	0	102.5	0	0	107.5	0	0	107.5	0	6.387		124.162	495.367	0.00104827	0	0.00844274	0.114323	1.71464	3		13.4618	11.8932	26.3428	0	53.7794	7.71112	
2022-12-05 15:19:22	25	220	11	15	0	0	55	0	0	37.5	0	0	42.5	0	0	37.5	0	6.387		32.7266	491.069	0.000679263	0	0.0207557	0.149211	4.21527	6		13.4618	11.5476	26.8626	0	53.7794	7.71112	
2022-12-05 15:34:50	101	221	7	25	0	0	47.5	0	0	30	0	0	32.5	0	0	33.75	0	2.544		32.8218	494.676	0.0385908	0	1.17576	0.00934849	96.9615	3		13.4618	11.8312	26.2128	0	53.7794	7.71112	
2022-12-05 15:30:57	80	222	6	102.5	0	0	62.5	0	0	85	0	0	80	0	0	82.5	0	7.561		37.0997	492.84	0.000391566	0	0.0105544	0.229634	2.61117	6		13.4618	11.8666	26.0829	0	53.7794	7.71112	
2022-12-05 15:30:57	80	223	2	102.5	0	0	62.5	0	0	80	0	0	75	0	0	80	0	6.387		37.0997	492.84	0.000458924	0	0.01237	0.282225	2.51222	6		13.4618	11.8666	26.0829	0	53.7794	7.71112	
2022-12-05 15:22:25	41	224	2	95	0	0	135	0	0	107.5	0	0	112.5	0	0	112.5	0	6.387		101.802	499.446	0.000793607	0	0.00779559	0.508513	1.58321	3		13.4618	11.0158	26.3428	0	53.7794	7.71112	
2022-12-05 15:19:39	26	225	11	20	0	0	60	0	0	42.5	0	0	47.5	0	0	42.5	0	6.387		34.6034	489.251	0.000674101	0	0.0194808	0.146997	3.95635	4		13.4618	11.5564	26.8626	0	53.7794	7.71112	
2022-12-05 15:20:48	31	226	1	45	0	0	85	0	0	47.5	0	0	52.5	0	0	57.5	0	1.511		51.9523	492.037	0.903826	0	17.3972	0.0111989	403.701	3		13.4618	11.521	26.6027	0	53.7794	7.71112	
2022-12-05 15:30:20	77	227	11	117.5	0	0	77.5	0	0	105	0	0	100	0	0	100	0	6.387		91.9109	498.232	0.000731129	0	0.00795476	0.189173	1.61553	3		13.4618	11.778	26.2128	0	53.7794	7.71112	
2022-12-05 15:27:08	58	228	6	137.5	0	0	52.5	0	0	100	0	0	90	0	0	95	0	16.09		72.7829	494.679	0.000359532	0	0.00493978	0.111454	2.76428	3		13.4618	12.292	26.0829	0	53.7794	7.71112	
2022-12-05 15:22:06	39	229	5	85	0	0	125	0	0	92.5	0	0	97.5	0	0	100	0	3.919		123.375	494.702	0.00236229	0	0.0191472	0.072699	2.04158	3		13.4618	11.2285	26.3428	0	53.7794	7.71112	
2022-12-05 15:25:24	51	230	4	142.5	0	0	12.5	0	0	85	0	0	70	0	0	77.5	0	24.621		53.8072	491.946	0.000275837	0	0.0051264	0.0980012	4.47586	3		13.453	11.6805	26.3428	0	53.7794	7.71112	
2022-12-05 15:26:37	56	231	2	147.5	0	0	62.5	0	0	100	0	0	90	0	0	100	0	13.864		60.5008	490.661	0.000351359	0	0.0058075	0.123663	2.73161	4		13.4618	12.292	26.2128	0	53.7794	7.71112	
2022-12-05 15:21:46	37	232	6	75	0	0	115	0	0	92.5	0	0	97.5	0	0	95	0	7.561		56.7815	496.04	0.000416126	0	0.00732855	0.25288	1.81309	3		13.4618	11.4058	26.4727	0	53.7794	7.71112	
2022-12-05 15:19:39	26	233	12	20	0	0	60	0	0	52.5	0	0	57.5	0	0	47.5	0	1.511		34.6034	489.251	0.438899	0	12.6837	0.0141317	294.325	4		13.4618	11.5564	26.8626	0	53.7794	7.71112	
2022-12-05 15:30:20	77	234	5	117.5	0	0	77.5	0	0	90	0	0	85	0	0	92.5	0	3.919		91.9109	498.232	0.00214009	0	0.0232844	0.113079	2.4827	3		13.4618	11.778	26.2128	0	53.7794	7.71112	
2022-12-05 15:25:15	50	235	5	147.5	0	0	17.5	0	0	105	0	0	90	0	0	90	0	21.347		126.397	492.37	0.000535589	0	0.00423735	0.194241	3.13127	3		13.453	12.2566	26.0829	0	53.7794	7.71112	
2022-12-05 15:21:46	37	236	2	75	0	0	115	0	0	87.5	0	0	92.5	0	0	92.5	0	6.387		56.7815	496.04	0.000655959	0	0.0115523	0.172388	2.34616	3		13.4618	11.4058	26.4727	0	53.7794	7.71112	
2022-12-05 15:30:20	77	237	1	117.5	0	0	77.5	0	0	85	0	0	80	0	0	90	0	1.511		91.9109	498.232	0.229865	0	2.50096	0.0273175	58.0346	3		13.4618	11.778	26.2128	0	53.7794	7.71112	
2022-12-05 15:15:27	3	238	10	10	0	0	140	0	0	112.5	0	0	127.5	0	0	97.5	0	6.896		77.0943	489.187	0.000874335	0	0.0113411	0.0998101	1.58769	3		13.4707	11.6894	28.9417	0	53.7794	7.71112	
2022-12-05 15:16:12	7	239	1	0	0	0	85	0	0	7.5	0	0	17.5	0	0	27.5	0	4.212		45.1842	492.5	0.0266324	0	0.589419	0.00527828	47.4178	6		13.4618	11.4944	28.4219	0	53.7794	7.71112	
2022-12-05 15:21:46	37	240	5	75	0	0	115	0	0	82.5	0	0	87.5	0	0	90	0	3.919		56.7815	496.04	0.00130619	0	0.0230039	0.0877343	2.45279	3		13.4618	11.4058	26.4727	0	53.7794	7.71112	
2022-12-05 15:15:10	2	241	3	5	0	0	135	0	0	47.5	0	0	62.5	0	0	62.5	0	21.347		35.8301	494.26	0.000267719	0	0.0074719	0.833899	5.5215	6		13.4618	11.973	29.2016	0	53.7794	7.71112	
2022-12-05 15:21:46	37	242	1	75	0	0	115	0	0	77.5	0	0	82.5	0	0	87.5	0	1.511		56.7815	496.04	0.172236	0	3.03331	0.045804	70.3878	3		13.4618	11.4058	26.4727	0	53.7794	7.71112	
2022-12-05 15:25:34	52	243	7	137.5	0	0	7.5	0	0	125	0	0	110	0	0	95	0	6.896		69.583	504.624	-0.0073877	0	-0.106171	132.384	-14.8633	6		13.4618	12.035	26.3428	0	53.7794	7.71112	
2022-12-05 15:25:34	52	244	6	137.5	0	0	7.5	0	0	110	0	0	95	0	0	87.5	0	14.099		69.583	504.624	-0.00115344	0	-0.0165765	204.595	-7.17968	6		13.4618	12.035	26.3428	0	53.7794	7.71112	
2022-12-05 15:21:36	36	245	6	70	0	0	110	0	0	87.5	0	0	92.5	0	0	90	0	7.561		59.9184	489.676	0.000527876	0	0.00880992	0.245353	2.17958	3		13.4618	11.4855	26.4727	0	53.7794	7.71112	
2022-12-05 15:31:24	82	246	9	92.5	0	0	52.5	0	0	85	0	0	80	0	0	77.5	0	3.919		48.4485	491.007	0.00100139	0	0.0206691	0.120157	2.20385	3		13.4618	11.9464	26.2128	0	53.7794	7.71112	
2022-12-05 15:21:36	36	247	2	70	0	0	110	0	0	82.5	0	0	87.5	0	0	87.5	0	6.387		59.9184	489.676	0.000696849	0	0.01163	0.301626	2.36193	3		13.4618	11.4855	26.4727	0	53.7794	7.71112	
2022-12-05 15:21:36	36	248	5	70	0	0	110	0	0	77.5	0	0	82.5	0	0	85	0	3.919		59.9184	489.676	0.00132443	0	0.0221039	0.0174816	2.35684	3		13.4618	11.4855	26.4727	0	53.7794	7.71112	
2022-12-05 15:28:57	69	249	11	157.5	0	0	117.5	0	0	145	0	0	140	0	0	140	0	6.387		131.507	501.162	0.000944683	0	0.00718353	0.0287439	1.4589	3		13.4618	11.9641	26.0829	0	53.7794	7.71112	
2022-12-05 15:21:27	35	250	8	65	0	0	105	0	0	87.5	0	0	92.5	0	0	87.5	0	6.387		51.8328	496.924	0.000509508	0	0.00982983	0.0743282	1.99634	3		13.4618	11.5476	26.4727	0	53.7794	7.71112	
2022-12-05 15:21:17	34	251	10	60	0	0	100	0	0	92.5	0	0	97.5	0	0	87.5	0	1.511		34.5334	490.644	0.0331856	0	0.960971	0.0371228	22.2993	3		13.4618	11.5476	26.4727	0	53.7794	7.71112	
2022-12-05 15:21:17	34	252	3	60	0	0	100	0	0	72.5	0	0	77.5	0	0	77.5	0	6.387		34.5334	490.644	0.00046375	0	0.013429	0.262907	2.7273	3		13.4618	11.5476	26.4727	0	53.7794	7.71112	
2022-12-05 15:21:17	34	253	1	60	0	0	100	0	0	62.5	0	0	67.5	0	0	72.5	0	1.511		34.5334	490.644	0.508863	0	14.7354	0.0112972	341.935	3		13.4618	11.5476	26.4727	0	53.7794	7.71112	
2022-12-05 15:21:07	33	254	10	55	0	0	95	0	0	87.5	0	0	92.5	0	0	82.5	0	1.511		40.4452	493.218	0.0380606	0	0.941043	0.0299283	21.8369	3		13.4618	11.4678	26.6027	0	53.7794	7.71112	
2022-12-05 15:31:14	81	255	5	97.5	0	0	57.5	0	0	85	0	0	80	0	0	80	0	6.387		39.7633	492.982	0.000467597	0	0.0117595	0.0642461	2.38824	3		13.4618	12.1857	26.0829	0	53.7794	7.71112	
2022-12-05 15:25:00	49	256	1	152.5	0	0	22.5	0	0	50	0	0	35	0	0	65	0	6.896		114.548	499.218	0.00527616	0	0.0460608	0.0296941	6.44823	3		13.4618	12.3895	26.3428	0	53.7794	7.71112	
2022-12-05 15:21:27	35	257	1	65	0	0	105	0	0	67.5	0	0	72.5	0	0	77.5	0	1.511		51.8328	496.924	0.62352	0	12.0294	0.0196627	279.143	3		13.4618	11.5476	26.4727	0	53.7794	7.71112	
2022-12-05 15:43:37	142	258	6	20	0	0	42.5	0	0	30	0	0	32.5	0	0	31.25	0	4.266		37.8194	488.07	0.00162167	0	0.0428793	0.84276	6.73547	4		13.4618	11.6185	26.6027	0	53.7795	7.71113	
2022-12-05 15:27:49	62	259	3	117.5	0	0	32.5	0	0	70	0	0	60	0	0	70	0	13.864		47.1372	493.473	0.000384714	0	0.00816156	0.195596	3.83886	3		13.4618	11.9552	26.0829	0	53.7794	7.71112	
2022-12-05 15:21:07	33	260	4	55	0	0	95	0	0	72.5	0	0	77.5	0	0	75	0	7.561		40.4452	493.218	0.000430703	0	0.0106491	0.13874	2.63458	3		13.4618	11.4678	26.6027	0	53.7794	7.71112	
2022-12-05 15:25:15	50	261	4	147.5	0	0	17.5	0	0	90	0	0	75	0	0	82.5	0	24.621		126.397	492.37	0.000640385	0	0.00506645	0.160806	4.42352	3		13.453	12.2566	26.0829	0	53.7794	7.71112	
2022-12-05 15:36:57	110	262	2	95	0	0	117.5	0	0	107.5	0	0	110	0	0	107.5	0	3.737		58.5671	497.673	0.000607481	0	0.0103724	0.217063	1.39654	3		13.4618	11.7957	26.3428	0	53.7794	7.71112	
2022-12-05 15:21:27	35	263	4	65	0	0	105	0	0	82.5	0	0	87.5	0	0	85	0	7.561		51.8328	496.924	0.000500887	0	0.00966351	0.104755	2.39076	3		13.4618	11.5476	26.4727	0	53.7794	7.71112	
2022-12-05 15:17:47	16	264	3	45	0	0	130	0	0	72.5	0	0	82.5	0	0	82.5	0	13.864		86.0303	492.196	0.000623395	0	0.00724623	0.0708977	3.40832	3		13.4618	11.4767	27.5123	0	53.7794	7.71112	
2022-12-05 15:17:08	12	265	8	25	0	0	110	0	0	72.5	0	0	82.5	0	0	72.5	0	13.864		51.7397	489.947	0.000319603	0	0.00617712	0.209565	2.90546	3		13.4618	11.9287	27.7722	0	53.7794	7.71112	
2022-12-05 15:26:37	56	266	7	147.5	0	0	62.5	0	0	130	0	0	120	0	0	115	0	9.009		60.5008	490.661	0.000380119	0	0.00628288	0.212229	1.69023	4		13.4618	12.292	26.2128	0	53.7794	7.71112	
2022-12-05 15:26:37	56	267	11	147.5	0	0	62.5	0	0	120	0	0	110	0	0	110	0	13.864		60.5008	490.661	0.000268551	0	0.00443879	0.682739	2.08782	4		13.4618	12.292	26.2128	0	53.7794	7.71112	
2022-12-05 15:15:27	3	268	9	10	0	0	140	0	0	97.5	0	0	112.5	0	0	90	0	14.099		77.0943	489.187	0.000400866	0	0.00519969	0.4173	2.2521	3		13.4707	11.6894	28.9417	0	53.7794	7.71112	
2022-12-05 15:15:10	2	269	1	5	0	0	135	0	0	17.5	0	0	32.5	0	0	47.5	0	6.896		35.8301	494.26	0.00301372	0	0.0841113	0.11919	11.7751	6		13.4618	11.973	29.2016	0	53.7794	7.71112	
2022-12-05 15:17:37	15	270	9	40	0	0	125	0	0	97.5	0	0	107.5	0	0	92.5	0	9.009		59.2712	489.936	0.000415716	0	0.0070138	0.052199	1.88686	3		13.4618	11.5919	27.5123	0	53.7794	7.71112	
2022-12-05 15:25:34	52	271	3	137.5	0	0	7.5	0	0	65	0	0	50	0	0	65	0	21.347		69.583	504.624	-0.0499819	0	-0.718306	135.746	-530.806	6		13.4618	12.035	26.3428	0	53.7794	7.71112	
2022-12-05 15:17:37	15	272	2	40	0	0	125	0	0	57.5	0	0	67.5	0	0	72.5	0	9.009		59.2712	489.936	0.00110307	0	0.0186105	0.00700993	5.00662	3		13.4618	11.5919	27.5123	0	53.7794	7.71112	
2022-12-05 15:22:16	40	273	11	90	0	0	130	0	0	112.5	0	0	117.5	0	0	112.5	0	6.387		124.162	495.367	0.00092092	0	0.00741708	0.144766	1.50633	3		13.4618	11.8932	26.3428	0	53.7794	7.71112	
2022-12-05 15:33:36	95	274	11	45	0	0	67.5	0	0	52.5	0	0	55	0	0	55	0	3.737		40.8553	492.653	0.001956	0	0.0478762	0.19419	6.44604	3		13.4618	11.8223	26.2128	0	53.7794	7.71112	
2022-12-05 15:34:50	101	275	5	25	0	0	47.5	0	0	40	0	0	42.5	0	0	38.75	0	2.544		32.8218	494.676	0.0180233	0	0.549126	0.0783843	45.2847	3		13.4618	11.8312	26.2128	0	53.7794	7.71112	
2022-12-05 15:15:10	2	276	4	5	0	0	135	0	0	62.5	0	0	77.5	0	0	70	0	24.621		35.8301	494.26	0.000271055	0	0.00756501	1.28744	6.60502	6		13.4618	11.973	29.2016	0	53.7794	7.71112	
2022-12-05 15:18:46	22	277	12	0	0	0	40	0	0	32.5	0	0	37.5	0	0	27.5	0	1.511		32.6123	491.498	0.573221	0	17.5768	0.017598	407.87	6		13.4618	11.3792	27.1224	0	53.7794	7.71112	
2022-12-05 15:26:37	56	278	12	147.5	0	0	62.5	0	0	140	0	0	130	0	0	120	0	4.212		60.5008	490.661	0.00104247	0	0.0172307	0.0188188	1.38618	4		13.4618	12.292	26.2128	0	53.7794	7.71112	
2022-12-05 15:17:18	13	279	10	30	0	0	115	0	0	97.5	0	0	107.5	0	0	87.5	0	4.212		37.9798	491.998	0.000700074	0	0.0184328	0.040736	1.48289	3		13.4618	11.5476	27.6422	0	53.7794	7.71112	
2022-12-05 15:17:28	14	280	2	35	0	0	120	0	0	52.5	0	0	62.5	0	0	67.5	0	9.009		48.1819	488.281	0.000677723	0	0.0140659	0.0599381	3.78404	3		13.4707	11.9641	27.6422	0	53.7794	7.71112	
2022-12-05 15:40:58	128	281	2	102.5	0	0	125	0	0	110	0	0	112.5	0	0	112.5	0	3.737		91.0514	495.302	0.000976379	0	0.0107234	0.873722	1.44379	3		13.4618	11.8046	26.4727	0	53.7795	7.71113	
2022-12-05 15:27:58	63	282	4	112.5	0	0	27.5	0	0	75	0	0	65	0	0	70	0	16.09		51.8761	481.498	0.000331067	0	0.00638188	0.290121	3.57128	3		13.4618	12.035	26.0829	0	53.7794	7.71112	
2022-12-05 15:21:17	34	283	2	60	0	0	100	0	0	67.5	0	0	72.5	0	0	75	0	3.919		34.5334	490.644	0.00106023	0	0.0307017	0.0941735	3.27357	3		13.4618	11.5476	26.4727	0	53.7794	7.71112	
2022-12-05 15:17:18	13	284	8	30	0	0	115	0	0	77.5	0	0	87.5	0	0	77.5	0	13.864		37.9798	491.998	0.000216139	0	0.00569088	0.105947	2.67675	3		13.4618	11.5476	27.6422	0	53.7794	7.71112	
2022-12-05 15:18:26	20	285	1	65	0	0	150	0	0	72.5	0	0	82.5	0	0	92.5	0	4.212		55.2235	497.432	0.00194339	0	0.0351913	0.0935853	2.83109	3		13.4618	11.521	27.2524	0	53.7794	7.71112	
2022-12-05 15:27:58	63	286	2	112.5	0	0	27.5	0	0	55	0	0	45	0	0	60	0	9.009		51.8761	481.498	0.000863538	0	0.0166461	0.123399	4.47817	3		13.4618	12.035	26.0829	0	53.7794	7.71112	
2022-12-05 15:20:58	32	287	5	50	0	0	90	0	0	57.5	0	0	62.5	0	0	65	0	3.919		47.6239	491.01	0.00291589	0	0.0612274	0.0617358	6.52839	3		13.4618	11.4678	26.3428	0	53.7794	7.71112	
2022-12-05 15:17:18	13	288	1	30	0	0	115	0	0	37.5	0	0	47.5	0	0	57.5	0	4.212		37.9798	491.998	0.00483356	0	0.127267	0.0186879	10.2384	3		13.4618	11.5476	27.6422	0	53.7794	7.71112	
2022-12-05 15:16:39	9	289	1	10	0	0	95	0	0	17.5	0	0	27.5	0	0	37.5	0	4.212		44.28	492.704	0.0163881	0	0.370102	0.0318845	29.7741	3		13.4618	11.7337	28.162	0	53.7794	7.71112	
2022-12-05 15:26:37	56	290	1	147.5	0	0	62.5	0	0	80	0	0	70	0	0	90	0	4.212		60.5008	490.661	0.00210929	0	0.0348638	0.922362	2.80473	4		13.4618	12.292	26.2128	0	53.7794	7.71112	
2022-12-05 15:29:27	72	291	5	142.5	0	0	102.5	0	0	115	0	0	110	0	0	117.5	0	3.919		92.0261	495.28	0.00127751	0	0.013882	0.042338	1.48018	3		13.453	11.3881	26.0829	0	53.7794	7.71112	
2022-12-05 15:16:59	11	292	11	20	0	0	105	0	0	67.5	0	0	77.5	0	0	67.5	0	13.864		85.2542	491.094	0.000598771	0	0.00702336	0.040309	3.30349	3		13.4618	11.6628	27.9021	0	53.7794	7.71112	
2022-12-05 15:16:12	7	293	12	0	0	0	85	0	0	67.5	0	0	77.5	0	0	57.5	0	4.212		45.1842	492.5	0.00132678	0	0.0293638	0.046861	2.36227	6		13.4618	11.4944	28.4219	0	53.7794	7.71112	
2022-12-05 15:33:15	93	294	11	0	0	0	22.5	0	0	7.5	0	0	10	0	0	10	0	3.737		43.7513	491.074	0.0176344	0	0.40306	0.0217967	54.2679	3		13.4618	11.8666	26.0829	0	53.7794	7.71112	
2022-12-05 15:17:08	12	295	3	25	0	0	110	0	0	52.5	0	0	62.5	0	0	62.5	0	13.864		51.7397	489.947	0.000432	0	0.00834949	0.261073	3.92725	3		13.4618	11.9287	27.7722	0	53.7794	7.71112	
2022-12-05 15:25:00	49	296	2	152.5	0	0	22.5	0	0	80	0	0	65	0	0	80	0	21.347		114.548	499.218	0.000757922	0	0.00661664	0.0290706	4.88949	3		13.4618	12.3895	26.3428	0	53.7794	7.71112	
2022-12-05 15:17:47	16	297	1	45	0	0	130	0	0	52.5	0	0	62.5	0	0	72.5	0	4.212		86.0303	492.196	0.00558058	0	0.0648676	0.0154062	5.2185	3		13.4618	11.4767	27.5123	0	53.7794	7.71112	
2022-12-05 15:18:26	20	298	7	65	0	0	150	0	0	122.5	0	0	132.5	0	0	117.5	0	9.009		55.2235	497.432	0.000347742	0	0.006297	0.636922	1.69403	3		13.4618	11.521	27.2524	0	53.7794	7.71112	
2022-12-05 15:28:37	67	299	1	92.5	0	0	7.5	0	0	25	0	0	15	0	0	35	0	4.212		48.3879	488.177	0.0180317	0	0.372649	0.21403	29.979	3		13.4618	12.0882	26.0829	0	53.7794	7.71112	
2022-12-05 15:34:50	101	300	6	25	0	0	47.5	0	0	35	0	0	37.5	0	0	36.25	0	4.266		32.8218	494.676	0.00111856	0	0.0340796	0.592233	5.35322	3		13.4618	11.8312	26.2128	0	53.7794	7.71112	
2022-12-05 15:16:12	7	301	5	0	0	0	85	0	0	17.5	0	0	27.5	0	0	32.5	0	9.009		45.1842	492.5	0.00168211	0	0.0372277	2.36817	10.0151	6		13.4618	11.4944	28.4219	0	53.7794	7.71112	
2022-12-05 15:37:52	114	302	11	52.5	0	0	75	0	0	65	0	0	67.5	0	0	65	0	3.737		41.9477	492.987	0.00101493	0	0.0241953	0.439256	3.25764	6		13.4618	11.8844	26.3428	0	53.7794	7.71112	
2022-12-05 15:27:49	62	303	4	117.5	0	0	32.5	0	0	80	0	0	70	0	0	75	0	16.09		47.1372	493.473	0.000285822	0	0.00606362	0.261878	3.39318	3		13.4618	11.9552	26.0829	0	53.7794	7.71112	
2022-12-05 15:44:01	144	304	1	65	0	0	87.5	0	0	82.5	0	0	85	0	0	80	0	1.339		37.2164	496.323	0.0786878	0	2.11433	0.0408159	64.1332	3		13.4618	11.8844	26.6027	0	53.7795	7.71113	
2022-12-05 15:44:01	144	305	7	65	0	0	87.5	0	0	70	0	0	72.5	0	0	73.75	0	2.544		37.2164	496.323	0.00645965	0	0.17357	0.0998489	14.3138	3		13.4618	11.8844	26.6027	0	53.7795	7.71113	
2022-12-05 15:39:31	121	306	5	77.5	0	0	100	0	0	82.5	0	0	85	0	0	86.25	0	2.544		71.2126	497.77	0.00408817	0	0.0574079	0.0396856	4.73424	3		13.4618	12.0527	26.3428	0	53.7795	7.71112	
2022-12-05 15:27:28	60	307	5	127.5	0	0	42.5	0	0	70	0	0	60	0	0	75	0	9.009		60.1991	489.831	0.000803044	0	0.0133398	0.074981	3.58869	3		13.4618	12.2743	26.0829	0	53.7794	7.71112	
2022-12-05 15:16:59	11	308	6	20	0	0	105	0	0	57.5	0	0	67.5	0	0	62.5	0	16.09		85.2542	491.094	0.000823767	0	0.00966247	0.0316423	5.40708	3		13.4618	11.6628	27.9021	0	53.7794	7.71112	
2022-12-05 15:38:39	118	309	6	10	0	0	32.5	0	0	20	0	0	22.5	0	0	21.25	0	4.266		37.9457	491.048	0.00342358	0	0.0902232	0.451879	14.1722	6		13.4618	11.9198	26.3428	0	53.7794	7.71112	
2022-12-05 15:27:18	59	310	7	132.5	0	0	47.5	0	0	115	0	0	105	0	0	100	0	9.009		69.3355	494.087	0.000438847	0	0.00632933	0.3827	1.70273	3		13.4618	11.9198	26.2128	0	53.7794	7.71112	
2022-12-05 15:17:18	13	311	9	30	0	0	115	0	0	87.5	0	0	97.5	0	0	82.5	0	9.009		37.9798	491.998	0.000279728	0	0.00736517	0.0653207	1.98139	3		13.4618	11.5476	27.6422	0	53.7794	7.71112	
2022-12-05 15:17:37	15	312	8	40	0	0	125	0	0	87.5	0	0	97.5	0	0	87.5	0	13.864		59.2712	489.936	0.00032542	0	0.00549036	0.0654467	2.58244	3		13.4618	11.5919	27.5123	0	53.7794	7.71112	
2022-12-05 15:25:34	52	313	5	137.5	0	0	7.5	0	0	95	0	0	80	0	0	80	0	21.347		69.583	504.624	-0.0524935	0	-0.754402	135.478	-557.479	6		13.4618	12.035	26.3428	0	53.7794	7.71112	
2022-12-05 15:24:27	47	314	7	115	0	0	155	0	0	142.5	0	0	147.5	0	0	140	0	3.919		138.175	501.313	0.00179677	0	0.0130035	0.0271223	1.3865	3		13.4441	11.5476	26.4727	0	53.7794	7.71112	
2022-12-05 15:16:29	8	315	1	5	0	0	90	0	0	12.5	0	0	22.5	0	0	32.5	0	4.212		27.9809	491.676	0.0112854	0	0.403324	0.0431666	32.4468	3		13.4707	11.973	28.162	0	53.7794	7.71112	
2022-12-05 15:27:58	63	316	9	112.5	0	0	27.5	0	0	95	0	0	85	0	0	80	0	9.009		51.8761	481.498	0.000393559	0	0.00758651	0.17066	2.04093	3		13.4618	12.035	26.0829	0	53.7794	7.71112	
2022-12-05 15:25:15	50	317	1	147.5	0	0	17.5	0	0	45	0	0	30	0	0	60	0	6.896		126.397	492.37	0.006828	0	0.0540202	0.0400846	7.5625	3		13.453	12.2566	26.0829	0	53.7794	7.71112	
2022-12-05 15:29:17	71	318	2	147.5	0	0	107.5	0	0	125	0	0	120	0	0	125	0	6.387		239.313	349.659	0.00179208	0	0.00748841	0.00871909	1.52082	3		13.4441	10.9095	26.0829	0	53.7794	7.71112	
2022-12-05 15:32:17	87	319	6	67.5	0	0	27.5	0	0	50	0	0	45	0	0	47.5	0	7.561		32.2297	486.159	0.000494857	0	0.0153541	0.0907767	3.79861	3		13.4618	11.9021	26.0829	0	53.7794	7.71112	
2022-12-05 15:16:49	10	320	7	15	0	0	100	0	0	72.5	0	0	82.5	0	0	67.5	0	9.009		38.2861	494.276	0.000332771	0	0.00869169	0.334499	2.33825	3		13.4618	11.9818	27.9021	0	53.7794	7.71112	
2022-12-05 15:28:57	69	321	7	157.5	0	0	117.5	0	0	150	0	0	145	0	0	142.5	0	3.919		131.507	501.162	0.00162163	0	0.0123311	0.0292524	1.31481	3		13.4618	11.9641	26.0829	0	53.7794	7.71112	
2022-12-05 15:38:56	119	322	6	32.5	0	0	55	0	0	42.5	0	0	45	0	0	43.75	0	4.266		35.3603	494.428	0.000939891	0	0.0265804	1.06137	4.17524	6		13.4618	11.8489	26.3428	0	53.7794	7.71112	
2022-12-05 15:15:27	3	323	1	10	0	0	140	0	0	22.5	0	0	37.5	0	0	52.5	0	6.896		77.0943	489.187	0.00503191	0	0.0652695	0.00723139	9.13734	3		13.4707	11.6894	28.9417	0	53.7794	7.71112	
2022-12-05 15:25:24	51	324	2	142.5	0	0	12.5	0	0	55	0	0	40	0	0	62.5	0	14.099		53.8072	491.946	0.000773213	0	0.01437	0.158559	6.224	3		13.453	11.6805	26.3428	0	53.7794	7.71112	
2022-12-05 15:19:03	23	325	12	5	0	0	45	0	0	37.5	0	0	42.5	0	0	32.5	0	1.511		25.4365	489.142	0.519447	0	20.4213	0.0114446	473.875	3		13.4618	11.5653	27.1224	0	53.7794	7.71112	
2022-12-05 15:15:27	3	326	4	10	0	0	140	0	0	67.5	0	0	82.5	0	0	75	0	24.621		77.0943	489.187	0.00039362	0	0.0051057	0.246621	4.45779	3		13.4707	11.6894	28.9417	0	53.7794	7.71112	
2022-12-05 15:21:07	33	327	2	55	0	0	95	0	0	62.5	0	0	67.5	0	0	70	0	3.919		40.4452	493.218	0.00141362	0	0.0349516	0.0513158	3.72673	3		13.4618	11.4678	26.6027	0	53.7794	7.71112	
2022-12-05 15:28:57	69	328	2	157.5	0	0	117.5	0	0	135	0	0	130	0	0	135	0	6.387		131.507	501.162	0.00100067	0	0.00760922	0.0531936	1.54536	3		13.4618	11.9641	26.0829	0	53.7794	7.71112	
2022-12-05 15:31:57	85	329	6	77.5	0	0	37.5	0	0	60	0	0	55	0	0	57.5	0	7.561		53.9804	491.752	0.000648172	0	0.0120075	0.0891272	2.97067	3		13.4618	12.0793	26.2128	0	53.7794	7.71112	
2022-12-05 15:16:49	10	330	6	15	0	0	100	0	0	52.5	0	0	62.5	0	0	57.5	0	16.09		38.2861	494.276	0.000265018	0	0.00692205	0.327228	3.87356	3		13.4618	11.9818	27.9021	0	53.7794	7.71112	
2022-12-05 15:17:28	14	331	3	35	0	0	120	0	0	62.5	0	0	72.5	0	0	72.5	0	13.864		48.1819	488.281	0.000396003	0	0.00821892	0.230392	3.86584	3		13.4707	11.9641	27.6422	0	53.7794	7.71112	
2022-12-05 15:16:49	10	332	5	15	0	0	100	0	0	32.5	0	0	42.5	0	0	47.5	0	9.009		38.2861	494.276	0.00105387	0	0.0275262	0.129847	7.40513	3		13.4618	11.9818	27.9021	0	53.7794	7.71112	
2022-12-05 15:16:39	9	333	5	10	0	0	95	0	0	27.5	0	0	37.5	0	0	42.5	0	9.009		44.28	492.704	0.00135823	0	0.0306737	0.197046	8.25187	3		13.4618	11.7337	28.162	0	53.7794	7.71112	
2022-12-05 15:25:15	50	334	7	147.5	0	0	17.5	0	0	135	0	0	120	0	0	105	0	6.896		126.397	492.37	0.00138876	0	0.0109872	0.0384217	1.53815	3		13.453	12.2566	26.0829	0	53.7794	7.71112	
2022-12-05 15:34:59	102	335	7	47.5	0	0	70	0	0	62.5	0	0	65	0	0	61.25	0	2.544		35.6569	493.979	0.00620092	0	0.173905	0.0419048	14.3414	3		13.4618	12.0616	26.2128	0	53.7794	7.71112	
2022-12-05 15:41:38	132	336	12	60	0	0	82.5	0	0	62.5	0	0	65	0	0	67.5	0	1.339		34.4612	491.678	0.512909	0	14.8837	0.0752609	451.461	6		13.4618	11.8844	26.4727	0	53.7795	7.71113	
2022-12-05 15:41:38	132	337	5	60	0	0	82.5	0	0	75	0	0	77.5	0	0	73.75	0	2.544		34.4612	491.678	0.00196068	0	0.0568955	0.157307	4.69199	6		13.4618	11.8844	26.4727	0	53.7795	7.71113	
2022-12-05 15:39:31	121	338	12	77.5	0	0	100	0	0	95	0	0	97.5	0	0	92.5	0	1.339		71.2126	497.77	0.070313	0	0.987367	0.162863	29.9494	3		13.4618	12.0527	26.3428	0	53.7795	7.71112	
2022-12-05 15:17:18	13	339	3	30	0	0	115	0	0	57.5	0	0	67.5	0	0	67.5	0	13.864		37.9798	491.998	0.00045346	0	0.0119395	0.0147601	5.61583	3		13.4618	11.5476	27.6422	0	53.7794	7.71112	
2022-12-05 15:19:13	24	340	2	10	0	0	50	0	0	22.5	0	0	27.5	0	0	27.5	0	6.387		38.4493	488.632	0.00153317	0	0.0398751	0.0707275	8.09823	3		13.4618	11.6185	26.9925	0	53.7794	7.71112	
2022-12-05 15:17:28	14	341	9	35	0	0	120	0	0	92.5	0	0	102.5	0	0	87.5	0	9.009		48.1819	488.281	0.000327757	0	0.0068025	0.133501	1.83002	3		13.4707	11.9641	27.6422	0	53.7794	7.71112	
2022-12-05 15:28:18	65	342	7	102.5	0	0	17.5	0	0	85	0	0	75	0	0	70	0	9.009		52.2307	504.554	0.000472188	0	0.00904044	0.340851	2.43207	3		13.4618	11.84	26.2128	0	53.7794	7.71112	
2022-12-05 15:33:15	93	343	2	0	0	0	22.5	0	0	12.5	0	0	15	0	0	12.5	0	3.737		43.7513	491.074	0.0170765	0	0.390309	0.0467581	52.551	3		13.4618	11.8666	26.0829	0	53.7794	7.71112	
2022-12-05 15:21:36	36	344	12	70	0	0	110	0	0	102.5	0	0	107.5	0	0	97.5	0	1.511		59.9184	489.676	0.00386748	0	0.0645458	0.0235275	1.49778	3		13.4618	11.4855	26.4727	0	53.7794	7.71112	
2022-12-05 15:16:59	11	345	12	20	0	0	105	0	0	87.5	0	0	97.5	0	0	77.5	0	4.212		85.2542	491.094	0.00163543	0	0.0191829	0.0263093	1.54324	3		13.4618	11.6628	27.9021	0	53.7794	7.71112	
2022-12-05 15:14:54	1	346	1	0	0	0	130	0	0	12.5	0	0	27.5	0	0	42.5	0	6.896		68.5673	492.843	0.00762677	0	0.11123	0.152174	15.5716	3		13.4796	12.1148	29.3315	0	53.7794	7.71112	
2022-12-05 15:40:31	126	347	6	57.5	0	0	80	0	0	67.5	0	0	70	0	0	68.75	0	4.266		39.6366	491.074	0.000606287	0	0.0152962	0.359993	2.40271	3		13.4618	11.8932	26.4727	0	53.7795	7.71113	
2022-12-05 15:21:27	35	348	9	65	0	0	105	0	0	92.5	0	0	97.5	0	0	90	0	3.919		51.8328	496.924	0.000691054	0	0.0133324	0.188216	1.42157	3		13.4618	11.5476	26.4727	0	53.7794	7.71112	
2022-12-05 15:14:54	1	349	3	0	0	0	130	0	0	42.5	0	0	57.5	0	0	57.5	0	21.347		68.5673	492.843	0.000250218	0	0.00364923	0.811645	2.69667	3		13.4796	12.1148	29.3315	0	53.7794	7.71112	
2022-12-05 15:29:27	72	350	11	142.5	0	0	102.5	0	0	130	0	0	125	0	0	125	0	6.387		92.0261	495.28	0.000695967	0	0.00756272	0.0213284	1.53591	3		13.453	11.3881	26.0829	0	53.7794	7.71112	
2022-12-05 15:21:36	36	351	1	70	0	0	110	0	0	72.5	0	0	77.5	0	0	82.5	0	1.511		59.9184	489.676	1.01342	0	16.9134	0.0115978	392.474	3		13.4618	11.4855	26.4727	0	53.7794	7.71112	
2022-12-05 15:19:39	26	352	1	20	0	0	60	0	0	22.5	0	0	27.5	0	0	32.5	0	1.511		34.6034	489.251	1.43113	0	41.3582	0.00765627	959.715	4		13.4618	11.5564	26.8626	0	53.7794	7.71112	
2022-12-05 15:27:18	59	353	6	132.5	0	0	47.5	0	0	95	0	0	85	0	0	90	0	16.09		69.3355	494.087	0.000382539	0	0.00551721	0.0598004	3.08741	3		13.4618	11.9198	26.2128	0	53.7794	7.71112	
2022-12-05 15:30:20	77	354	12	117.5	0	0	77.5	0	0	115	0	0	110	0	0	105	0	1.511		91.9109	498.232	0.00633157	0	0.0688882	0.0320654	1.59855	3		13.4618	11.778	26.2128	0	53.7794	7.71112	
2022-12-05 15:27:18	59	355	1	132.5	0	0	47.5	0	0	65	0	0	55	0	0	75	0	4.212		69.3355	494.087	0.00405097	0	0.0584256	0.678167	4.70024	3		13.4618	11.9198	26.2128	0	53.7794	7.71112	
2022-12-05 15:19:13	24	356	11	10	0	0	50	0	0	32.5	0	0	37.5	0	0	32.5	0	6.387		38.4493	488.632	0.000969708	0	0.0252204	0.0475683	5.12202	3		13.4618	11.6185	26.9925	0	53.7794	7.71112	
2022-12-05 15:34:50	101	357	11	25	0	0	47.5	0	0	32.5	0	0	35	0	0	35	0	3.737		32.8218	494.676	0.00379949	0	0.115761	0.0858095	15.586	3		13.4618	11.8312	26.2128	0	53.7794	7.71112	
2022-12-05 15:27:49	62	358	1	117.5	0	0	32.5	0	0	50	0	0	40	0	0	60	0	4.212		47.1372	493.473	0.00534241	0	0.113337	0.512196	9.11781	3		13.4618	11.9552	26.0829	0	53.7794	7.71112	
2022-12-05 15:39:14	120	359	6	55	0	0	77.5	0	0	65	0	0	67.5	0	0	66.25	0	4.266		55.0074	491.324	0.000903581	0	0.0164266	0.969281	2.58028	5		13.453	11.8666	26.3428	0	53.7794	7.71112	
2022-12-05 15:34:23	99	360	7	135	0	0	157.5	0	0	140	0	0	142.5	0	0	143.75	0	2.544		497.705	48.3037	0.00859177	0	0.0172628	0.0154981	1.4236	3		13.4441	10.6968	26.2128	0	53.7794	7.71112	
2022-12-05 15:34:23	99	361	1	135	0	0	157.5	0	0	152.5	0	0	155	0	0	150	0	1.339		497.705	48.3037	0.0220554	0	0.0443142	0.0145979	1.34416	3		13.4441	10.6968	26.2128	0	53.7794	7.71112	
2022-12-05 15:39:53	123	362	12	122.5	0	0	145	0	0	140	0	0	142.5	0	0	137.5	0	1.339		497.725	132.023	0.0249736	0	0.0501755	0.0109888	1.52196	3		13.4618	11.6096	26.4727	0	53.7795	7.71113	
2022-12-05 15:16:59	11	363	1	20	0	0	105	0	0	27.5	0	0	37.5	0	0	47.5	0	4.212		85.2542	491.094	0.0166898	0	0.195765	0.00459798	15.749	3		13.4618	11.6628	27.9021	0	53.7794	7.71112	
2022-12-05 15:16:12	7	364	2	0	0	0	85	0	0	27.5	0	0	37.5	0	0	37.5	0	13.864		45.1842	492.5	0.000827722	0	0.0183188	5.04073	8.61641	6		13.4618	11.4944	28.4219	0	53.7794	7.71112	
2022-12-05 15:24:27	47	365	2	115	0	0	155	0	0	127.5	0	0	132.5	0	0	132.5	0	6.387		138.175	501.313	0.00101785	0	0.00736638	0.0735775	1.49604	3		13.4441	11.5476	26.4727	0	53.7794	7.71112	
2022-12-05 15:27:58	63	366	3	112.5	0	0	27.5	0	0	65	0	0	55	0	0	65	0	13.864		51.8761	481.498	0.000417688	0	0.00805164	0.355027	3.78716	3		13.4618	12.035	26.0829	0	53.7794	7.71112	
2022-12-05 15:16:49	10	367	2	15	0	0	100	0	0	42.5	0	0	52.5	0	0	52.5	0	13.864		38.2861	494.276	0.000437331	0	0.0114227	0.287209	5.37278	3		13.4618	11.9818	27.9021	0	53.7794	7.71112	
2022-12-05 15:16:49	10	368	12	15	0	0	100	0	0	82.5	0	0	92.5	0	0	72.5	0	4.212		38.2861	494.276	0.000845447	0	0.0220824	0.121158	1.77649	3		13.4618	11.9818	27.9021	0	53.7794	7.71112	
2022-12-05 15:15:10	2	369	2	5	0	0	135	0	0	32.5	0	0	47.5	0	0	55	0	14.099		35.8301	494.26	0.000668802	0	0.0186659	0.338442	8.08465	6		13.4618	11.973	29.2016	0	53.7794	7.71112	
2022-12-05 15:16:12	7	370	7	0	0	0	85	0	0	57.5	0	0	67.5	0	0	52.5	0	9.009		45.1842	492.5	0.000583743	0	0.0129192	0.837571	3.47553	6		13.4618	11.4944	28.4219	0	53.7794	7.71112	
2022-12-05 15:31:34	83	371	5	87.5	0	0	47.5	0	0	60	0	0	55	0	0	62.5	0	3.919		42.6667	493.311	0.00244173	0	0.0572279	0.57969	6.10194	3		13.4618	11.9021	26.2128	0	53.7794	7.71112	
2022-12-05 15:39:42	122	372	11	100	0	0	122.5	0	0	107.5	0	0	110	0	0	110	0	3.737		91.054	492.816	0.000931129	0	0.0102261	0.161217	1.37684	3		13.4618	11.6894	26.4727	0	53.7795	7.71113	
2022-12-05 15:31:14	81	373	1	97.5	0	0	57.5	0	0	65	0	0	60	0	0	70	0	1.511		39.7633	492.982	0.509348	0	12.8095	0.0196487	297.244	3		13.4618	12.1857	26.0829	0	53.7794	7.71112	
2022-12-05 15:21:17	34	374	4	60	0	0	100	0	0	77.5	0	0	82.5	0	0	80	0	7.561		34.5334	490.644	0.000306883	0	0.00888657	0.234633	2.19854	3		13.4618	11.5476	26.4727	0	53.7794	7.71112	
2022-12-05 15:20:58	32	375	11	50	0	0	90	0	0	72.5	0	0	77.5	0	0	72.5	0	6.387		47.6239	491.01	0.000586263	0	0.0123103	0.130855	2.50009	3		13.4618	11.4678	26.3428	0	53.7794	7.71112	
2022-12-05 15:38:10	115	376	7	75	0	0	97.5	0	0	80	0	0	82.5	0	0	83.75	0	2.544		49.7209	497.05	0.00344675	0	0.0693219	0.0883295	5.71676	3		13.4618	11.8312	26.3428	0	53.7794	7.71112	
2022-12-05 15:43:52	143	377	6	42.5	0	0	65	0	0	52.5	0	0	55	0	0	53.75	0	4.266		30.1126	494.371	0.000568607	0	0.0188827	0.297577	2.96608	3		13.4618	12.0616	26.6027	0	53.7795	7.71113	
2022-12-05 15:15:45	5	378	8	20	0	0	150	0	0	92.5	0	0	107.5	0	0	92.5	0	21.347		89.3983	498.715	0.00036897	0	0.00412725	2.11284	3.04991	6		13.4618	11.8135	28.6818	0	53.7794	7.71112	
2022-12-05 15:33:36	95	379	6	45	0	0	67.5	0	0	55	0	0	57.5	0	0	56.25	0	4.266		40.8553	492.653	0.000798139	0	0.0195358	0.744566	3.06867	3		13.4618	11.8223	26.2128	0	53.7794	7.71112	
2022-12-05 15:34:50	101	380	1	25	0	0	47.5	0	0	42.5	0	0	45	0	0	40	0	1.339		32.8218	494.676	0.567021	0	17.2757	0.0310618	524.018	3		13.4618	11.8312	26.2128	0	53.7794	7.71112	
2022-12-05 15:18:36	21	381	1	70	0	0	155	0	0	77.5	0	0	87.5	0	0	97.5	0	4.212		70.3472	488.94	0.00205623	0	0.0292297	0.0280026	2.35148	3		13.4618	11.9464	27.1224	0	53.7794	7.71112	
2022-12-05 15:18:36	21	382	5	70	0	0	155	0	0	87.5	0	0	97.5	0	0	102.5	0	9.009		70.3472	488.94	0.000664826	0	0.00945064	0.0943598	2.54242	3		13.4618	11.9464	27.1224	0	53.7794	7.71112	
2022-12-05 15:28:08	64	383	3	107.5	0	0	22.5	0	0	60	0	0	50	0	0	60	0	13.864		86.6494	494.153	0.000752185	0	0.0086808	0.199795	4.08308	3		13.4618	12.035	26.0829	0	53.7794	7.71112	
2022-12-05 15:17:57	17	384	3	50	0	0	135	0	0	77.5	0	0	87.5	0	0	87.5	0	13.864		76.757	491.371	0.000516925	0	0.00673456	0.0630655	3.16766	3		13.4618	11.9375	27.2524	0	53.7794	7.71112	
2022-12-05 15:44:38	147	385	6	132.5	0	0	155	0	0	142.5	0	0	145	0	0	143.75	0	4.266		497.526	50.1143	0.00433008	0	0.00870323	0.0319144	1.3671	3		13.453	11.2285	26.7326	0	53.7795	7.71113	
2022-12-05 15:31:44	84	386	5	82.5	0	0	42.5	0	0	55	0	0	50	0	0	57.5	0	3.919		36.7411	490.218	0.00254691	0	0.0693206	0.930272	7.39133	4		13.4618	12.1591	26.0829	0	53.7794	7.71112	
2022-12-05 15:28:08	64	387	8	107.5	0	0	22.5	0	0	80	0	0	70	0	0	70	0	13.864		86.6494	494.153	0.000543343	0	0.0062706	0.0985136	2.94943	3		13.4618	12.035	26.0829	0	53.7794	7.71112	
2022-12-05 15:36:57	110	388	6	95	0	0	117.5	0	0	105	0	0	107.5	0	0	106.25	0	4.266		58.5671	497.673	0.000572311	0	0.00977189	0.147111	1.53496	3		13.4618	11.7957	26.3428	0	53.7794	7.71112	
2022-12-05 15:15:27	3	389	3	10	0	0	140	0	0	52.5	0	0	67.5	0	0	67.5	0	21.347		77.0943	489.187	0.000550881	0	0.00714555	0.200441	5.28034	3		13.4707	11.6894	28.9417	0	53.7794	7.71112	
2022-12-05 15:21:36	36	390	7	70	0	0	110	0	0	97.5	0	0	102.5	0	0	95	0	3.919		59.9184	489.676	0.000835605	0	0.0139457	0.0916322	1.48697	3		13.4618	11.4855	26.4727	0	53.7794	7.71112	
2022-12-05 15:21:27	35	391	3	65	0	0	105	0	0	77.5	0	0	82.5	0	0	82.5	0	6.387		51.8328	496.924	0.000541488	0	0.0104468	0.313362	2.12164	3		13.4618	11.5476	26.4727	0	53.7794	7.71112	
2022-12-05 15:16:49	10	392	11	15	0	0	100	0	0	62.5	0	0	72.5	0	0	62.5	0	13.864		38.2861	494.276	0.000265705	0	0.00694	0.338476	3.26428	3		13.4618	11.9818	27.9021	0	53.7794	7.71112	
2022-12-05 15:18:26	20	393	11	65	0	0	150	0	0	112.5	0	0	122.5	0	0	112.5	0	13.864		55.2235	497.432	0.000229586	0	0.00415739	0.727226	1.95546	3		13.4618	11.521	27.2524	0	53.7794	7.71112	
2022-12-05 15:22:06	39	394	7	85	0	0	125	0	0	112.5	0	0	117.5	0	0	110	0	3.919		123.375	494.702	0.0016452	0	0.013335	0.0940378	1.42185	3		13.4618	11.2285	26.3428	0	53.7794	7.71112	
2022-12-05 15:38:29	117	395	11	120	0	0	142.5	0	0	127.5	0	0	130	0	0	130	0	3.737		497.7	204.744	0.00482428	0	0.00969315	0.0371186	1.30508	3		13.4618	11.583	26.3428	0	53.7794	7.71112	
2022-12-05 15:39:42	122	396	5	100	0	0	122.5	0	0	115	0	0	117.5	0	0	113.75	0	2.544		91.054	492.816	0.00163234	0	0.0179272	0.360578	1.4784	3		13.4618	11.6894	26.4727	0	53.7795	7.71113	
2022-12-05 15:14:54	1	397	4	0	0	0	130	0	0	57.5	0	0	72.5	0	0	65	0	24.621		68.5673	492.843	0.000771194	0	0.0112473	0.133166	9.81999	3		13.4796	12.1148	29.3315	0	53.7794	7.71112	
2022-12-05 15:19:03	23	398	2	5	0	0	45	0	0	17.5	0	0	22.5	0	0	22.5	0	6.387		25.4365	489.142	0.00143588	0	0.0564496	0.0342435	11.4644	3		13.4618	11.5653	27.1224	0	53.7794	7.71112	
2022-12-05 15:41:56	133	399	7	82.5	0	0	105	0	0	97.5	0	0	100	0	0	96.25	0	2.544		80.4632	487.837	0.00128438	0	0.0159623	0.906536	1.31636	4		13.4618	11.8666	26.4727	0	53.7795	7.71113	
2022-12-05 15:15:36	4	400	2	15	0	0	145	0	0	42.5	0	0	57.5	0	0	65	0	14.099		63.5275	490.251	0.000557283	0	0.00877231	0.313014	3.79949	3		13.4618	11.3881	28.8117	0	53.7794	7.71112	
2022-12-05 15:15:10	2	401	8	5	0	0	135	0	0	77.5	0	0	92.5	0	0	77.5	0	21.347		35.8301	494.26	0.000164443	0	0.00458951	1.39911	3.39151	6		13.4618	11.973	29.2016	0	53.7794	7.71112	
2022-12-05 15:34:59	102	402	12	47.5	0	0	70	0	0	65	0	0	67.5	0	0	62.5	0	1.339		35.6569	493.979	0.352423	0	9.88373	0.0318095	299.799	3		13.4618	12.0616	26.2128	0	53.7794	7.71112	
2022-12-05 15:41:38	132	403	7	60	0	0	82.5	0	0	65	0	0	67.5	0	0	68.75	0	2.544		34.4612	491.678	0.00793449	0	0.230244	0.507513	18.9875	6		13.4618	11.8844	26.4727	0	53.7795	7.71113	
2022-12-05 15:41:38	132	404	1	60	0	0	82.5	0	0	77.5	0	0	80	0	0	75	0	1.339		34.4612	491.678	0.278815	0	8.09071	0.0177989	245.412	6		13.4618	11.8844	26.4727	0	53.7795	7.71113	
2022-12-05 15:25:52	53	405	8	132.5	0	0	2.5	0	0	90	0	0	75	0	0	75	0	21.347		129.295	494.698	0.000664012	0	0.00513565	0.151919	3.79508	3		13.4618	11.973	26.2128	0	53.7794	7.71112	
2022-12-05 15:42:51	138	406	6	62.5	0	0	85	0	0	72.5	0	0	75	0	0	73.75	0	4.266		42.3682	494.226	0.000531426	0	0.012543	0.443926	1.97026	6		13.4618	12.0705	26.6027	0	53.7795	7.71113	
2022-12-05 15:15:36	4	407	3	15	0	0	145	0	0	57.5	0	0	72.5	0	0	72.5	0	21.347		63.5275	490.251	0.000743534	0	0.0117041	0.311561	8.64899	3		13.4618	11.3881	28.8117	0	53.7794	7.71112	
2022-12-05 15:26:50	57	408	1	142.5	0	0	57.5	0	0	75	0	0	65	0	0	85	0	4.212		65.0443	494.242	0.00254918	0	0.0391915	0.34995	3.1529	6		13.4618	11.9907	26.2128	0	53.7794	7.71112	
2022-12-05 15:19:39	26	409	5	20	0	0	60	0	0	27.5	0	0	32.5	0	0	35	0	3.919		34.6034	489.251	0.00651707	0	0.188336	0.0435943	20.0814	4		13.4618	11.5564	26.8626	0	53.7794	7.71112	
2022-12-05 15:36:29	108	410	11	50	0	0	72.5	0	0	57.5	0	0	60	0	0	60	0	3.737		43.1489	491.699	0.00145876	0	0.0338075	0.0799181	4.55183	6		13.4618	11.8844	26.3428	0	53.7794	7.71112	
2022-12-05 15:25:52	53	411	1	132.5	0	0	2.5	0	0	30	0	0	15	0	0	45	0	6.896		129.295	494.698	0.0111311	0	0.0860906	0.00371061	12.0522	3		13.4618	11.973	26.2128	0	53.7794	7.71112	
2022-12-05 15:18:46	22	412	1	0	0	0	40	0	0	2.5	0	0	7.5	0	0	12.5	0	1.511		32.6123	491.498	1.82205	0	55.87	0.0126364	1296.46	6		13.4618	11.3792	27.1224	0	53.7794	7.71112	
2022-12-05 15:19:22	25	413	12	15	0	0	55	0	0	47.5	0	0	52.5	0	0	42.5	0	1.511		32.7266	491.069	0.468387	0	14.3121	0.038941	332.112	6		13.4618	11.5476	26.8626	0	53.7794	7.71112	
2022-12-05 15:27:08	58	414	7	137.5	0	0	52.5	0	0	120	0	0	110	0	0	105	0	9.009		72.7829	494.679	0.000481484	0	0.00661535	0.298647	1.77967	3		13.4618	12.292	26.0829	0	53.7794	7.71112	
2022-12-05 15:27:49	62	415	6	117.5	0	0	32.5	0	0	100	0	0	90	0	0	85	0	9.009		47.1372	493.473	0.000342493	0	0.00726587	0.0594827	1.95467	3		13.4618	11.9552	26.0829	0	53.7794	7.71112	
2022-12-05 15:22:06	39	416	2	85	0	0	125	0	0	97.5	0	0	102.5	0	0	102.5	0	6.387		123.375	494.702	0.00111596	0	0.00904524	0.129638	1.837	3		13.4618	11.2285	26.3428	0	53.7794	7.71112	
2022-12-05 15:15:36	4	417	10	15	0	0	145	0	0	117.5	0	0	132.5	0	0	102.5	0	6.896		63.5275	490.251	0.000711179	0	0.0111948	0.305416	1.56721	3		13.4618	11.3881	28.8117	0	53.7794	7.71112	
2022-12-05 15:20:37	30	418	12	40	0	0	80	0	0	72.5	0	0	77.5	0	0	67.5	0	1.511		37.9031	491.299	0.0937973	0	2.47466	0.0251608	57.4243	3		13.4618	11.5919	26.6027	0	53.7794	7.71112	
2022-12-05 15:28:37	67	419	11	92.5	0	0	7.5	0	0	65	0	0	55	0	0	55	0	13.864		48.3879	488.177	0.000327981	0	0.00677816	0.0216542	3.18816	3		13.4618	12.0882	26.0829	0	53.7794	7.71112	
2022-12-05 15:20:37	30	420	6	40	0	0	80	0	0	57.5	0	0	62.5	0	0	60	0	7.561		37.9031	491.299	0.000545219	0	0.0143845	0.106413	3.55874	3		13.4618	11.5919	26.6027	0	53.7794	7.71112	
2022-12-05 15:15:45	5	421	2	20	0	0	150	0	0	47.5	0	0	62.5	0	0	70	0	14.099		89.3983	498.715	0.00101521	0	0.011356	1.54373	4.91855	6		13.4618	11.8135	28.6818	0	53.7794	7.71112	
2022-12-05 15:17:37	15	422	4	40	0	0	125	0	0	77.5	0	0	87.5	0	0	82.5	0	16.09		59.2712	489.936	0.000323154	0	0.00545213	0.122868	3.05099	3		13.4618	11.5919	27.5123	0	53.7794	7.71112	
2022-12-05 15:28:37	67	423	2	92.5	0	0	7.5	0	0	45	0	0	35	0	0	45	0	13.864		48.3879	488.177	0.000719472	0	0.0148688	0.25963	6.99368	3		13.4618	12.0882	26.0829	0	53.7794	7.71112	
2022-12-05 15:41:56	133	424	11	82.5	0	0	105	0	0	95	0	0	97.5	0	0	95	0	3.737		80.4632	487.837	0.00111552	0	0.0138637	0.848599	1.8666	4		13.4618	11.8666	26.4727	0	53.7795	7.71113	
2022-12-05 15:15:27	3	425	2	10	0	0	140	0	0	37.5	0	0	52.5	0	0	60	0	14.099		77.0943	489.187	0.0011895	0	0.0154292	0.159655	6.68275	3		13.4707	11.6894	28.9417	0	53.7794	7.71112	
2022-12-05 15:17:37	15	426	3	40	0	0	125	0	0	67.5	0	0	77.5	0	0	77.5	0	13.864		59.2712	489.936	0.000502073	0	0.00847079	0.0333683	3.9843	3		13.4618	11.5919	27.5123	0	53.7794	7.71112	
2022-12-05 15:19:03	23	427	6	5	0	0	45	0	0	22.5	0	0	27.5	0	0	25	0	7.561		25.4365	489.142	0.000671062	0	0.0263818	0.278181	6.52687	3		13.4618	11.5653	27.1224	0	53.7794	7.71112	
2022-12-05 15:14:54	1	428	10	0	0	0	130	0	0	102.5	0	0	117.5	0	0	87.5	0	6.896		68.5673	492.843	0.000771621	0	0.0112535	0.0554468	1.57542	3		13.4796	12.1148	29.3315	0	53.7794	7.71112	
2022-12-05 15:27:18	59	429	11	132.5	0	0	47.5	0	0	105	0	0	95	0	0	95	0	13.864		69.3355	494.087	0.000366448	0	0.00528514	0.267398	2.48591	3		13.4618	11.9198	26.2128	0	53.7794	7.71112	
2022-12-05 15:34:59	102	430	11	47.5	0	0	70	0	0	60	0	0	62.5	0	0	60	0	3.737		35.6569	493.979	0.000854005	0	0.0239506	0.571017	3.2247	3		13.4618	12.0616	26.2128	0	53.7794	7.71112	
2022-12-05 15:42:29	136	431	1	17.5	0	0	40	0	0	20	0	0	22.5	0	0	25	0	1.339		40.9783	491.748	1.83961	0	44.8922	0.0737426	1361.7	3		13.453	11.2374	26.6027	0	53.7795	7.71113	
2022-12-05 15:16:03	6	432	2	25	0	0	155	0	0	52.5	0	0	67.5	0	0	75	0	14.099		59.1114	488.912	0.000619399	0	0.0104785	0.0261009	4.53848	3		13.4618	11.9375	28.5519	0	53.7794	7.71112	
2022-12-05 15:21:46	37	433	7	75	0	0	115	0	0	102.5	0	0	107.5	0	0	100	0	3.919		56.7815	496.04	0.000761851	0	0.0134172	0.149833	1.43062	3		13.4618	11.4058	26.4727	0	53.7794	7.71112	
2022-12-05 15:30:30	78	434	2	112.5	0	0	72.5	0	0	90	0	0	85	0	0	90	0	6.387		85.9137	491.542	0.00100712	0	0.0117224	0.0604366	2.38071	3		13.4618	12.1679	26.0829	0	53.7794	7.71112	
2022-12-05 15:26:26	55	435	7	152.5	0	0	67.5	0	0	135	0	0	125	0	0	120	0	9.009		75.4534	495.218	0.000480069	0	0.00636246	0.104874	1.71164	3		13.4618	12.2654	26.3428	0	53.7794	7.71112	
2022-12-05 15:25:15	50	436	2	147.5	0	0	17.5	0	0	60	0	0	45	0	0	67.5	0	14.099		126.397	492.37	0.00150179	0	0.0118815	0.0571684	5.14617	3		13.453	12.2566	26.0829	0	53.7794	7.71112	
2022-12-05 15:33:24	94	437	6	22.5	0	0	45	0	0	32.5	0	0	35	0	0	33.75	0	4.266		50.0833	494.293	0.00206707	0	0.0412726	0.773076	6.48308	3		13.4618	11.8666	26.2128	0	53.7794	7.71112	
2022-12-05 15:17:28	14	438	10	35	0	0	120	0	0	102.5	0	0	112.5	0	0	92.5	0	4.212		48.1819	488.281	0.000845242	0	0.0175427	0.0436517	1.41128	3		13.4707	11.9641	27.6422	0	53.7794	7.71112	
2022-12-05 15:18:26	20	439	6	65	0	0	150	0	0	102.5	0	0	112.5	0	0	107.5	0	16.09		55.2235	497.432	0.000235505	0	0.00426459	1.10759	2.38645	3		13.4618	11.521	27.2524	0	53.7794	7.71112	
2022-12-05 15:28:47	68	440	5	87.5	0	0	2.5	0	0	30	0	0	20	0	0	35	0	9.009		59.6604	494.404	0.00206548	0	0.0346207	0.00572041	9.3137	3		13.4618	12.0261	26.0829	0	53.7794	7.71112	
2022-12-05 15:15:27	3	441	8	10	0	0	140	0	0	82.5	0	0	97.5	0	0	82.5	0	21.347		77.0943	489.187	0.000373901	0	0.00484992	0.369813	3.58394	3		13.4707	11.6894	28.9417	0	53.7794	7.71112	
2022-12-05 15:36:29	108	442	12	50	0	0	72.5	0	0	52.5	0	0	55	0	0	57.5	0	1.339		43.1489	491.699	0.891139	0	20.6526	0.0213697	626.448	6		13.4618	11.8844	26.3428	0	53.7794	7.71112	
2022-12-05 15:16:39	9	443	7	10	0	0	95	0	0	67.5	0	0	77.5	0	0	62.5	0	9.009		44.28	492.704	0.000411737	0	0.00929849	0.251931	2.50149	3		13.4618	11.7337	28.162	0	53.7794	7.71112	
2022-12-05 15:29:47	74	444	6	132.5	0	0	92.5	0	0	115	0	0	110	0	0	112.5	0	7.561		140.953	497.248	0.000938065	0	0.00665516	0.0143939	1.64649	4		13.4618	11.7426	26.0829	0	53.7794	7.71112	
2022-12-05 15:20:26	29	445	6	35	0	0	75	0	0	52.5	0	0	57.5	0	0	55	0	7.561		33.0217	485.666	0.000344188	0	0.0104231	0.404427	2.57868	3		13.4618	11.583	26.6027	0	53.7794	7.71112	
2022-12-05 15:32:07	86	446	1	72.5	0	0	32.5	0	0	40	0	0	35	0	0	45	0	1.511		41.4653	492.211	1.22808	0	29.6172	0.0334835	687.265	3		13.4618	11.8578	26.2128	0	53.7794	7.71112	
2022-12-05 15:22:06	39	447	1	85	0	0	125	0	0	87.5	0	0	92.5	0	0	97.5	0	1.511		123.375	494.702	0.252684	0	2.0481	0.0612587	47.526	3		13.4618	11.2285	26.3428	0	53.7794	7.71112	
2022-12-05 15:16:03	6	448	9	25	0	0	155	0	0	112.5	0	0	127.5	0	0	105	0	14.099		59.1114	488.912	0.000275608	0	0.00466252	0.157187	2.01944	3		13.4618	11.9375	28.5519	0	53.7794	7.71112	
2022-12-05 15:16:03	6	449	10	25	0	0	155	0	0	127.5	0	0	142.5	0	0	112.5	0	6.896		59.1114	488.912	0.000639373	0	0.0108164	0.0975023	1.51423	3		13.4618	11.9375	28.5519	0	53.7794	7.71112	
2022-12-05 15:35:53	106	450	5	5	0	0	27.5	0	0	20	0	0	22.5	0	0	18.75	0	2.544		22.6819	486.057	0.0276629	0	1.21961	0.0340807	100.577	6		13.4618	11.9907	26.2128	0	53.7794	7.71112	
2022-12-05 15:26:26	55	451	5	152.5	0	0	67.5	0	0	95	0	0	85	0	0	100	0	9.009		75.4534	495.218	0.000766538	0	0.0101591	0.0295023	2.73302	3		13.4618	12.2654	26.3428	0	53.7794	7.71112	
2022-12-05 15:33:05	92	452	7	42.5	0	0	2.5	0	0	35	0	0	30	0	0	27.5	0	3.919		42.551	490.626	0.00506719	0	0.119085	0.00805916	12.6975	3		13.4618	11.9021	26.0829	0	53.7794	7.71112	
2022-12-05 15:34:03	97	453	7	90	0	0	112.5	0	0	95	0	0	97.5	0	0	98.75	0	2.544		111.522	496.027	0.0019655	0	0.0176243	1.3679	1.45342	3		13.4618	11.8223	26.0829	0	53.7794	7.71112	
2022-12-05 15:34:03	97	454	1	90	0	0	112.5	0	0	107.5	0	0	110	0	0	105	0	1.339		111.522	496.027	0.00559425	0	0.0501627	0.00522068	1.52156	3		13.4618	11.8223	26.0829	0	53.7794	7.71112	
2022-12-05 15:40:58	128	455	5	102.5	0	0	125	0	0	107.5	0	0	110	0	0	111.25	0	2.544		91.0514	495.302	0.00198391	0	0.0217889	0.34758	1.79686	3		13.4618	11.8046	26.4727	0	53.7795	7.71113	
2022-12-05 15:28:18	65	456	1	102.5	0	0	17.5	0	0	35	0	0	25	0	0	45	0	4.212		52.2307	504.554	0.0129127	0	0.247224	0.513745	19.8888	3		13.4618	11.84	26.2128	0	53.7794	7.71112	
2022-12-05 15:18:46	22	457	7	0	0	0	40	0	0	27.5	0	0	32.5	0	0	25	0	3.919		32.6123	491.498	0.00327727	0	0.100492	0.400446	10.715	6		13.4618	11.3792	27.1224	0	53.7794	7.71112	
2022-12-05 15:20:26	29	458	12	35	0	0	75	0	0	67.5	0	0	72.5	0	0	62.5	0	1.511		33.0217	485.666	0.353557	0	10.7068	0.0212465	248.451	3		13.4618	11.583	26.6027	0	53.7794	7.71112	
2022-12-05 15:32:36	89	459	11	57.5	0	0	17.5	0	0	45	0	0	40	0	0	40	0	6.387		42.5529	490.603	0.000844031	0	0.0198349	0.0465723	4.02826	3		13.4618	11.8932	26.2128	0	53.7794	7.71112	
2022-12-05 15:22:16	40	460	5	90	0	0	130	0	0	97.5	0	0	102.5	0	0	105	0	3.919		124.162	495.367	0.00209049	0	0.0168368	0.109169	1.79523	3		13.4618	11.8932	26.3428	0	53.7794	7.71112	
2022-12-05 15:21:36	36	461	11	70	0	0	110	0	0	92.5	0	0	97.5	0	0	92.5	0	6.387		59.9184	489.676	0.00046574	0	0.0077729	0.247556	1.5786	3		13.4618	11.4855	26.4727	0	53.7794	7.71112	
2022-12-05 15:31:24	82	462	10	92.5	0	0	52.5	0	0	90	0	0	85	0	0	80	0	1.511		48.4485	491.007	0.0276682	0	0.571085	0.0811223	13.252	3		13.4618	11.9464	26.2128	0	53.7794	7.71112	
2022-12-05 15:14:54	1	463	9	0	0	0	130	0	0	87.5	0	0	102.5	0	0	80	0	14.099		68.5673	492.843	0.000401472	0	0.00585514	0.147269	2.536	3		13.4796	12.1148	29.3315	0	53.7794	7.71112	
2022-12-05 15:26:08	54	464	5	157.5	0	0	72.5	0	0	100	0	0	90	0	0	105	0	9.009		94.7603	493.219	0.000840973	0	0.00887474	0.0761459	2.3875	6		13.4618	11.6539	26.4727	0	53.7794	7.71112	
2022-12-05 15:28:47	68	465	6	87.5	0	0	2.5	0	0	50	0	0	40	0	0	45	0	16.09		59.6604	494.404	0.000572994	0	0.00960425	0.0547544	5.3745	3		13.4618	12.0261	26.0829	0	53.7794	7.71112	
2022-12-05 15:43:52	143	466	7	42.5	0	0	65	0	0	57.5	0	0	60	0	0	56.25	0	2.544		30.1126	494.371	0.00708583	0	0.235311	0.215122	19.4053	3		13.4618	12.0616	26.6027	0	53.7795	7.71113	
2022-12-05 15:43:52	143	467	1	42.5	0	0	65	0	0	45	0	0	47.5	0	0	50	0	1.339		30.1126	494.371	0.608347	0	20.2024	0.00656886	612.791	3		13.4618	12.0616	26.6027	0	53.7795	7.71113	
2022-12-05 15:39:14	120	468	12	55	0	0	77.5	0	0	57.5	0	0	60	0	0	62.5	0	1.339		55.0074	491.324	0.568807	0	10.3406	0.0709816	313.656	5		13.453	11.8666	26.3428	0	53.7794	7.71112	
2022-12-05 15:39:53	123	469	6	122.5	0	0	145	0	0	132.5	0	0	135	0	0	133.75	0	4.266		497.725	132.023	0.00436656	0	0.00877304	0.00763874	1.37807	3		13.4618	11.6096	26.4727	0	53.7795	7.71113	
2022-12-05 15:15:45	5	470	3	20	0	0	150	0	0	62.5	0	0	77.5	0	0	77.5	0	21.347		89.3983	498.715	0.000661274	0	0.00739694	1.8889	5.46611	6		13.4618	11.8135	28.6818	0	53.7794	7.71112	
2022-12-05 15:27:08	58	471	5	137.5	0	0	52.5	0	0	80	0	0	70	0	0	85	0	9.009		72.7829	494.679	0.000878764	0	0.0120738	0.0235138	3.2481	3		13.4618	12.292	26.0829	0	53.7794	7.71112	
2022-12-05 15:19:22	25	472	6	15	0	0	55	0	0	32.5	0	0	37.5	0	0	35	0	7.561		32.7266	491.069	0.00079069	0	0.0241605	0.0690819	5.97731	6		13.4618	11.5476	26.8626	0	53.7794	7.71112	
2022-12-05 15:31:14	81	473	3	97.5	0	0	57.5	0	0	75	0	0	70	0	0	75	0	6.387		39.7633	492.982	0.000520605	0	0.0130926	0.0578622	2.65897	3		13.4618	12.1857	26.0829	0	53.7794	7.71112	
2022-12-05 15:16:29	8	474	2	5	0	0	90	0	0	32.5	0	0	42.5	0	0	42.5	0	13.864		27.9809	491.676	0.000415069	0	0.014834	0.0667405	6.9773	3		13.4707	11.973	28.162	0	53.7794	7.71112	
2022-12-05 15:21:07	33	475	8	55	0	0	95	0	0	77.5	0	0	82.5	0	0	77.5	0	6.387		40.4452	493.218	0.000423947	0	0.010482	0.116495	2.12879	3		13.4618	11.4678	26.6027	0	53.7794	7.71112	
2022-12-05 15:16:29	8	476	7	5	0	0	90	0	0	62.5	0	0	72.5	0	0	57.5	0	9.009		27.9809	491.676	0.00027239	0	0.00973485	0.654085	2.61888	3		13.4707	11.973	28.162	0	53.7794	7.71112	
2022-12-05 15:17:47	16	477	10	45	0	0	130	0	0	112.5	0	0	122.5	0	0	102.5	0	4.212		86.0303	492.196	0.001549	0	0.0180053	0.0230979	1.44849	3		13.4618	11.4767	27.5123	0	53.7794	7.71112	
2022-12-05 15:17:57	17	478	1	50	0	0	135	0	0	57.5	0	0	67.5	0	0	77.5	0	4.212		76.757	491.371	0.00412508	0	0.053742	0.046285	4.32346	3		13.4618	11.9375	27.2524	0	53.7794	7.71112	
2022-12-05 15:15:45	5	479	4	20	0	0	150	0	0	77.5	0	0	92.5	0	0	85	0	24.621		89.3983	498.715	0.000415317	0	0.00464569	1.37641	4.05616	6		13.4618	11.8135	28.6818	0	53.7794	7.71112	
2022-12-05 15:28:08	64	480	1	107.5	0	0	22.5	0	0	40	0	0	30	0	0	50	0	4.212		86.6494	494.153	0.0141918	0	0.163784	0.284392	13.1761	3		13.4618	12.035	26.0829	0	53.7794	7.71112	
2022-12-05 15:42:10	134	481	6	105	0	0	127.5	0	0	115	0	0	117.5	0	0	116.25	0	4.266		377.203	314.168	0.00355059	0	0.00941293	0.0668362	1.47858	3		13.4618	12.035	26.6027	0	53.7795	7.71113	
2022-12-05 15:20:26	29	482	7	35	0	0	75	0	0	62.5	0	0	67.5	0	0	60	0	3.919		33.0217	485.666	0.000926061	0	0.028044	0.886272	2.9902	3		13.4618	11.583	26.6027	0	53.7794	7.71112	
2022-12-05 15:32:36	89	483	6	57.5	0	0	17.5	0	0	40	0	0	35	0	0	37.5	0	7.561		42.5529	490.603	0.000933965	0	0.0219483	0.171175	5.43002	3		13.4618	11.8932	26.2128	0	53.7794	7.71112	
2022-12-05 15:22:25	41	484	12	95	0	0	135	0	0	127.5	0	0	132.5	0	0	122.5	0	1.511		101.802	499.446	0.00618444	0	0.0607497	0.0697072	1.40969	3		13.4618	11.0158	26.3428	0	53.7794	7.71112	
2022-12-05 15:37:16	112	485	12	7.5	0	0	30	0	0	25	0	0	27.5	0	0	22.5	0	1.339		31.1401	491.06	0.849919	0	27.2934	0.0466657	827.88	6		13.4618	11.3792	26.3428	0	53.7794	7.71112	
2022-12-05 15:17:57	17	486	2	50	0	0	135	0	0	67.5	0	0	77.5	0	0	82.5	0	9.009		76.757	491.371	0.000993231	0	0.0129399	0.118646	3.48112	3		13.4618	11.9375	27.2524	0	53.7794	7.71112	
2022-12-05 15:33:46	96	487	5	67.5	0	0	90	0	0	72.5	0	0	75	0	0	76.25	0	2.544		47.9027	495.434	0.00998949	0	0.208537	0.0410552	17.1974	6		13.4618	11.8578	26.2128	0	53.7794	7.71112	
2022-12-05 15:40:58	128	488	7	102.5	0	0	125	0	0	117.5	0	0	120	0	0	116.25	0	2.544		91.0514	495.302	0.00164503	0	0.018067	0.853137	1.48993	3		13.4618	11.8046	26.4727	0	53.7795	7.71113	
2022-12-05 15:24:02	45	489	11	105	0	0	145	0	0	127.5	0	0	132.5	0	0	127.5	0	6.387		429.206	273.683	0.00323794	0	0.00754402	0.0115	1.53212	3		13.4353	12.6554	25.9529	0	53.7794	7.71112	
2022-12-05 15:19:53	27	490	7	25	0	0	65	0	0	52.5	0	0	57.5	0	0	50	0	3.919		28.6879	489.415	0.000992204	0	0.0345861	1.25299	3.68776	6		13.4707	11.9641	26.7326	0	53.7794	7.71112	
2022-12-05 15:26:08	54	491	6	157.5	0	0	72.5	0	0	120	0	0	110	0	0	115	0	16.09		94.7603	493.219	0.000385283	0	0.00406587	0.277949	2.27525	6		13.4618	11.6539	26.4727	0	53.7794	7.71112	
2022-12-05 15:17:57	17	492	8	50	0	0	135	0	0	97.5	0	0	107.5	0	0	97.5	0	13.864		76.757	491.371	0.000387886	0	0.00505342	0.35656	2.37692	3		13.4618	11.9375	27.2524	0	53.7794	7.71112	
2022-12-05 15:43:52	143	493	11	42.5	0	0	65	0	0	55	0	0	57.5	0	0	55	0	3.737		30.1126	494.371	0.000465365	0	0.0154541	0.659004	2.08074	3		13.4618	12.0616	26.6027	0	53.7795	7.71113	
2022-12-05 15:27:28	60	494	11	127.5	0	0	42.5	0	0	100	0	0	90	0	0	90	0	13.864		60.1991	489.831	0.000309297	0	0.00513791	0.140035	2.41666	3		13.4618	12.2743	26.0829	0	53.7794	7.71112	
2022-12-05 15:18:36	21	495	2	70	0	0	155	0	0	97.5	0	0	107.5	0	0	107.5	0	13.864		70.3472	488.94	0.000374721	0	0.00532673	0.263301	2.50547	3		13.4618	11.9464	27.1224	0	53.7794	7.71112	
2022-12-05 15:16:03	6	496	8	25	0	0	155	0	0	97.5	0	0	112.5	0	0	97.5	0	21.347		59.1114	488.912	0.000243848	0	0.00412523	0.0903014	3.04841	3		13.4618	11.9375	28.5519	0	53.7794	7.71112	
2022-12-05 15:26:08	54	497	1	157.5	0	0	72.5	0	0	90	0	0	80	0	0	100	0	4.212		94.7603	493.219	0.00313976	0	0.0331337	0.0202483	2.66555	6		13.4618	11.6539	26.4727	0	53.7794	7.71112	
2022-12-05 15:29:27	72	498	12	142.5	0	0	102.5	0	0	140	0	0	135	0	0	130	0	1.511		92.0261	495.28	0.00547365	0	0.0594793	0.00508747	1.38021	3		13.453	11.3881	26.0829	0	53.7794	7.71112	
2022-12-05 15:40:02	124	499	12	12.5	0	0	35	0	0	30	0	0	32.5	0	0	27.5	0	1.339		27.4079	490.456	0.782976	0	28.5675	0.0661397	866.527	3		13.453	11.2551	26.4727	0	53.7795	7.71113	
2022-12-05 15:26:08	54	500	7	157.5	0	0	72.5	0	0	140	0	0	130	0	0	125	0	9.009		94.7603	493.219	0.000587151	0	0.00619617	0.10645	1.6669	6		13.4618	11.6539	26.4727	0	53.7794	7.71112	
2022-12-05 15:17:57	17	501	10	50	0	0	135	0	0	117.5	0	0	127.5	0	0	107.5	0	4.212		76.757	491.371	0.00139582	0	0.0181849	0.0731286	1.46295	3		13.4618	11.9375	27.2524	0	53.7794	7.71112	
2022-12-05 15:16:59	11	502	5	20	0	0	105	0	0	37.5	0	0	47.5	0	0	52.5	0	9.009		85.2542	491.094	0.00189767	0	0.022259	0.02282	5.98815	3		13.4618	11.6628	27.9021	0	53.7794	7.71112	
2022-12-05 15:28:18	65	503	5	102.5	0	0	17.5	0	0	45	0	0	35	0	0	50	0	9.009		52.2307	504.554	0.00131008	0	0.0250826	0.295917	6.74776	3		13.4618	11.84	26.2128	0	53.7794	7.71112	
2022-12-05 15:15:45	5	504	1	20	0	0	150	0	0	32.5	0	0	47.5	0	0	62.5	0	6.896		89.3983	498.715	0.00453383	0	0.0507149	1.74706	7.09979	6		13.4618	11.8135	28.6818	0	53.7794	7.71112	
2022-12-05 15:42:51	138	505	2	62.5	0	0	85	0	0	70	0	0	72.5	0	0	72.5	0	3.737		42.3682	494.226	0.000953903	0	0.0225146	0.273751	3.03136	6		13.4618	12.0705	26.6027	0	53.7795	7.71113	
2022-12-05 15:17:28	14	506	1	35	0	0	120	0	0	42.5	0	0	52.5	0	0	62.5	0	4.212		48.1819	488.281	0.00518466	0	0.107606	0.00210189	8.65674	3		13.4707	11.9641	27.6422	0	53.7794	7.71112	
2022-12-05 15:18:07	18	507	7	55	0	0	140	0	0	112.5	0	0	122.5	0	0	107.5	0	9.009		66.0533	492.963	0.000416556	0	0.00630636	0.184946	1.69655	3		13.453	11.3349	27.3823	0	53.7794	7.71112	
2022-12-05 15:17:08	12	508	9	25	0	0	110	0	0	82.5	0	0	92.5	0	0	77.5	0	9.009		51.7397	489.947	0.000439914	0	0.00850244	0.352987	2.28734	3		13.4618	11.9287	27.7722	0	53.7794	7.71112	
2022-12-05 15:28:18	65	509	2	102.5	0	0	17.5	0	0	55	0	0	45	0	0	55	0	13.864		52.2307	504.554	0.000533143	0	0.0102075	0.243033	4.80116	3		13.4618	11.84	26.2128	0	53.7794	7.71112	
2022-12-05 15:39:31	121	510	6	77.5	0	0	100	0	0	87.5	0	0	90	0	0	88.75	0	4.266		71.2126	497.77	0.00100911	0	0.0141704	0.103893	2.22588	3		13.4618	12.0527	26.3428	0	53.7795	7.71112	
2022-12-05 15:40:58	128	511	12	102.5	0	0	125	0	0	120	0	0	122.5	0	0	117.5	0	1.339		91.0514	495.302	0.00453058	0	0.0497585	0.00879677	1.50931	3		13.4618	11.8046	26.4727	0	53.7795	7.71113	
2022-12-05 15:18:07	18	512	2	55	0	0	140	0	0	82.5	0	0	92.5	0	0	92.5	0	13.864		66.0533	492.963	0.000485194	0	0.0073455	0.132673	3.45502	3		13.453	11.3349	27.3823	0	53.7794	7.71112	
2022-12-05 15:20:37	30	513	5	40	0	0	80	0	0	47.5	0	0	52.5	0	0	55	0	3.919		37.9031	491.299	0.00292642	0	0.0772078	0.0263322	8.2323	3		13.4618	11.5919	26.6027	0	53.7794	7.71112	
2022-12-05 15:16:39	9	514	2	10	0	0	95	0	0	37.5	0	0	47.5	0	0	47.5	0	13.864		44.28	492.704	0.000585926	0	0.0132323	0.0509741	6.22392	3		13.4618	11.7337	28.162	0	53.7794	7.71112	
2022-12-05 15:17:47	16	515	9	45	0	0	130	0	0	102.5	0	0	112.5	0	0	97.5	0	9.009		86.0303	492.196	0.000559413	0	0.00650252	0.116122	1.74932	3		13.4618	11.4767	27.5123	0	53.7794	7.71112	
2022-12-05 15:18:16	19	516	2	60	0	0	145	0	0	87.5	0	0	97.5	0	0	97.5	0	13.864		53.9528	490.062	0.000324558	0	0.00601558	0.655165	2.82948	3		13.4618	11.9198	27.2524	0	53.7794	7.71112	
2022-12-05 15:20:48	31	517	6	45	0	0	85	0	0	62.5	0	0	67.5	0	0	65	0	7.561		51.9523	492.037	0.000611706	0	0.0117744	0.11236	2.91298	3		13.4618	11.521	26.6027	0	53.7794	7.71112	
2022-12-05 15:28:08	64	518	4	107.5	0	0	22.5	0	0	70	0	0	60	0	0	65	0	16.09		86.6494	494.153	0.000583608	0	0.00673529	0.166979	3.76904	3		13.4618	12.035	26.0829	0	53.7794	7.71112	
2022-12-05 15:15:45	5	519	9	20	0	0	150	0	0	107.5	0	0	122.5	0	0	100	0	14.099		89.3983	498.715	0.000417307	0	0.00466795	1.65981	2.0218	6		13.4618	11.8135	28.6818	0	53.7794	7.71112	
2022-12-05 15:32:17	87	520	7	67.5	0	0	27.5	0	0	60	0	0	55	0	0	52.5	0	3.919		32.2297	486.159	0.00119743	0	0.0371529	0.0744223	3.96144	3		13.4618	11.9021	26.0829	0	53.7794	7.71112	
2022-12-05 15:42:29	136	521	2	17.5	0	0	40	0	0	25	0	0	27.5	0	0	27.5	0	3.737		40.9783	491.748	0.0080905	0	0.197434	0.178643	26.5824	3		13.453	11.2374	26.6027	0	53.7795	7.71113	
2022-12-05 15:18:16	19	522	5	60	0	0	145	0	0	77.5	0	0	87.5	0	0	92.5	0	9.009		53.9528	490.062	0.000562017	0	0.0104168	0.297972	2.80235	3		13.4618	11.9198	27.2524	0	53.7794	7.71112	
2022-12-05 15:42:20	135	523	2	127.5	0	0	150	0	0	135	0	0	137.5	0	0	137.5	0	3.737		497.826	132.423	0.00497332	0	0.00999009	0.067143	1.34506	3		13.4441	10.7234	26.6027	0	53.7795	7.71113	
2022-12-05 15:18:16	19	524	6	60	0	0	145	0	0	97.5	0	0	107.5	0	0	102.5	0	16.09		53.9528	490.062	0.000252678	0	0.00468332	1.18589	2.62077	3		13.4618	11.9198	27.2524	0	53.7794	7.71112	
2022-12-05 15:25:00	49	525	7	152.5	0	0	22.5	0	0	125	0	0	110	0	0	102.5	0	14.099		114.548	499.218	0.000525145	0	0.0045845	0.547226	1.98565	3		13.4618	12.3895	26.3428	0	53.7794	7.71112	
2022-12-05 15:42:20	135	526	12	127.5	0	0	150	0	0	145	0	0	147.5	0	0	142.5	0	1.339		497.826	132.423	0.0249505	0	0.050119	0.016631	1.52024	3		13.4441	10.7234	26.6027	0	53.7795	7.71113	
2022-12-05 15:31:57	85	527	1	77.5	0	0	37.5	0	0	45	0	0	40	0	0	50	0	1.511		53.9804	491.752	0.959386	0	17.7729	0.0248578	412.418	3		13.4618	12.0793	26.2128	0	53.7794	7.71112	
2022-12-05 15:35:09	103	528	12	70	0	0	92.5	0	0	80	0	0	82.5	0	0	81.25	0	4.266		47.9628	493.871	0.000671388	0	0.0139981	1.17556	2.19882	6		13.4618	11.8666	26.2128	0	53.7794	7.71112	
2022-12-05 15:20:48	31	529	7	45	0	0	85	0	0	72.5	0	0	77.5	0	0	70	0	3.919		51.9523	492.037	0.00119578	0	0.0230169	0.17807	2.45419	3		13.4618	11.521	26.6027	0	53.7794	7.71112	
2022-12-05 15:41:18	130	530	11	15	0	0	37.5	0	0	22.5	0	0	25	0	0	25	0	3.737		32.8867	491.59	0.0118859	0	0.361421	0.177158	48.6616	3		13.4618	11.9907	26.4727	0	53.7795	7.71113	
2022-12-05 15:24:27	47	531	1	115	0	0	155	0	0	117.5	0	0	122.5	0	0	127.5	0	1.511		138.175	501.313	0.00938517	0	0.0679221	0.0200103	1.57613	3		13.4441	11.5476	26.4727	0	53.7794	7.71112	
2022-12-05 15:41:18	130	532	2	15	0	0	37.5	0	0	27.5	0	0	30	0	0	27.5	0	3.737		32.8867	491.59	0.0034478	0	0.104839	0.415557	14.1155	3		13.4618	11.9907	26.4727	0	53.7795	7.71113	
2022-12-05 15:18:16	19	533	12	60	0	0	145	0	0	127.5	0	0	137.5	0	0	117.5	0	4.212		53.9528	490.062	0.000871544	0	0.0161538	0.290484	1.29955	3		13.4618	11.9198	27.2524	0	53.7794	7.71112	
2022-12-05 15:18:26	20	534	5	65	0	0	150	0	0	82.5	0	0	92.5	0	0	97.5	0	9.009		55.2235	497.432	0.000628317	0	0.0113777	0.380393	3.06085	3		13.4618	11.521	27.2524	0	53.7794	7.71112	
2022-12-05 15:18:26	20	535	2	65	0	0	150	0	0	92.5	0	0	102.5	0	0	102.5	0	13.864		55.2235	497.432	0.000295173	0	0.00534506	0.454667	2.51409	3		13.4618	11.521	27.2524	0	53.7794	7.71112	
2022-12-05 15:16:29	8	536	6	5	0	0	90	0	0	42.5	0	0	52.5	0	0	47.5	0	16.09		27.9809	491.676	0.000273805	0	0.0097854	0.202578	5.47587	3		13.4707	11.973	28.162	0	53.7794	7.71112	
2022-12-05 15:24:02	45	537	7	105	0	0	145	0	0	132.5	0	0	137.5	0	0	130	0	3.919		429.206	273.683	0.00562834	0	0.0131134	0.0145229	1.39822	3		13.4353	12.6554	25.9529	0	53.7794	7.71112	
2022-12-05 15:37:52	114	538	12	52.5	0	0	75	0	0	70	0	0	72.5	0	0	67.5	0	1.339		41.9477	492.987	0.45387	0	10.8199	0.0102356	328.197	6		13.4618	11.8844	26.3428	0	53.7794	7.71112	
2022-12-05 15:21:56	38	539	1	80	0	0	120	0	0	82.5	0	0	87.5	0	0	92.5	0	1.511		92.7704	489.229	0.730182	0	7.87085	0.024072	182.643	3		13.4618	11.9552	26.3428	0	53.7794	7.71112	
2022-12-05 15:36:11	107	540	5	27.5	0	0	50	0	0	32.5	0	0	35	0	0	36.25	0	2.544		33.3684	491.465	0.0381112	0	1.14214	0.0556537	94.1883	6		13.4618	12.0793	26.2128	0	53.7794	7.71112	
2022-12-05 15:18:26	20	541	12	65	0	0	150	0	0	132.5	0	0	142.5	0	0	122.5	0	4.212		55.2235	497.432	0.00095644	0	0.0173194	0.2277	1.39332	3		13.4618	11.521	27.2524	0	53.7794	7.71112	
2022-12-05 15:27:28	60	542	2	127.5	0	0	42.5	0	0	80	0	0	70	0	0	80	0	13.864		60.1991	489.831	0.000461676	0	0.00766916	0.0668427	3.60725	3		13.4618	12.2743	26.0829	0	53.7794	7.71112	
2022-12-05 15:19:03	23	543	7	5	0	0	45	0	0	32.5	0	0	37.5	0	0	30	0	3.919		25.4365	489.142	0.00222811	0	0.087595	0.800975	9.33984	3		13.4618	11.5653	27.1224	0	53.7794	7.71112	
2022-12-05 15:30:57	80	544	1	102.5	0	0	62.5	0	0	70	0	0	65	0	0	75	0	1.511		37.0997	492.84	0.398901	0	10.7521	0.0272794	249.503	6		13.4618	11.8666	26.0829	0	53.7794	7.71112	
2022-12-05 15:18:46	22	545	5	0	0	0	40	0	0	7.5	0	0	12.5	0	0	15	0	3.919		32.6123	491.498	0.019667	0	0.603054	0.0196115	64.3008	6		13.4618	11.3792	27.1224	0	53.7794	7.71112	
2022-12-05 15:31:44	84	546	11	82.5	0	0	42.5	0	0	70	0	0	65	0	0	65	0	6.387		36.7411	490.218	0.000447511	0	0.0121801	0.085591	2.47366	4		13.4618	12.1591	26.0829	0	53.7794	7.71112	
2022-12-05 15:28:28	66	547	2	97.5	0	0	12.5	0	0	50	0	0	40	0	0	50	0	13.864		35.2447	492.65	0.000430715	0	0.0122207	0.180168	5.7481	3		13.4618	12.0084	26.0829	0	53.7794	7.71112	
2022-12-05 15:39:53	123	548	2	122.5	0	0	145	0	0	130	0	0	132.5	0	0	132.5	0	3.737		497.725	132.023	0.0053706	0	0.0107903	0.00528429	1.4528	3		13.4618	11.6096	26.4727	0	53.7795	7.71113	
2022-12-05 15:30:39	79	549	1	107.5	0	0	67.5	0	0	75	0	0	70	0	0	80	0	1.511		61.8902	489.994	0.616196	0	9.95627	0.0351277	231.035	6		13.4618	11.7603	26.2128	0	53.7794	7.71112	
2022-12-05 15:22:16	40	550	7	90	0	0	130	0	0	117.5	0	0	122.5	0	0	115	0	3.919		124.162	495.367	0.00165015	0	0.0132903	0.0985498	1.41708	3		13.4618	11.8932	26.3428	0	53.7794	7.71112	
2022-12-05 15:28:18	65	551	12	102.5	0	0	17.5	0	0	95	0	0	85	0	0	75	0	4.212		52.2307	504.554	0.00108101	0	0.0206969	0.0276701	1.66503	3		13.4618	11.84	26.2128	0	53.7794	7.71112	
2022-12-05 15:33:36	95	552	2	45	0	0	67.5	0	0	57.5	0	0	60	0	0	57.5	0	3.737		40.8553	492.653	0.000873851	0	0.0213889	0.444794	2.8798	3		13.4618	11.8223	26.2128	0	53.7794	7.71112	
2022-12-05 15:28:57	69	553	6	157.5	0	0	117.5	0	0	140	0	0	135	0	0	137.5	0	7.561		131.507	501.162	0.000805393	0	0.00612434	0.0180362	1.51516	3		13.4618	11.9641	26.0829	0	53.7794	7.71112	
2022-12-05 15:18:46	22	554	6	0	0	0	40	0	0	17.5	0	0	22.5	0	0	20	0	7.561		32.6123	491.498	0.00107089	0	0.0328372	0.0841164	8.12392	6		13.4618	11.3792	27.1224	0	53.7794	7.71112	
2022-12-05 15:18:07	18	555	12	55	0	0	140	0	0	122.5	0	0	132.5	0	0	112.5	0	4.212		66.0533	492.963	0.00119746	0	0.0181286	0.0370243	1.45842	3		13.453	11.3349	27.3823	0	53.7794	7.71112	
2022-12-05 15:19:13	24	556	7	10	0	0	50	0	0	37.5	0	0	42.5	0	0	35	0	3.919		38.4493	488.632	0.00282637	0	0.073509	0.491011	7.83792	3		13.4618	11.6185	26.9925	0	53.7794	7.71112	
2022-12-05 15:24:36	48	557	12	157.5	0	0	27.5	0	0	145	0	0	130	0	0	115	0	6.896		55.93	497.761	0.000461941	0	0.00825927	40.0482	1.15625	6		13.453	11.6185	26.3428	0	53.7794	7.71112	
2022-12-05 15:35:27	104	558	12	92.5	0	0	115	0	0	110	0	0	112.5	0	0	107.5	0	1.339		71.5104	496.912	0.00374269	0	0.0523377	0.0865107	1.58754	3		13.4618	11.8046	26.2128	0	53.7794	7.71112	
2022-12-05 15:42:10	134	559	7	105	0	0	127.5	0	0	110	0	0	112.5	0	0	113.75	0	2.544		377.203	314.168	0.00662879	0	0.0175735	0.0444387	1.44923	3		13.4618	12.035	26.6027	0	53.7795	7.71113	
2022-12-05 15:26:50	57	560	2	142.5	0	0	57.5	0	0	95	0	0	85	0	0	95	0	13.864		65.0443	494.242	0.000425373	0	0.00653975	0.0805977	3.07602	6		13.4618	11.9907	26.2128	0	53.7794	7.71112	
2022-12-05 15:19:39	26	561	7	20	0	0	60	0	0	47.5	0	0	52.5	0	0	45	0	3.919		34.6034	489.251	0.00126578	0	0.0365798	0.969256	3.90033	4		13.4618	11.5564	26.8626	0	53.7794	7.71112	
2022-12-05 15:42:29	136	562	5	17.5	0	0	40	0	0	22.5	0	0	25	0	0	26.25	0	2.544		40.9783	491.748	0.102011	0	2.48938	0.079102	205.291	3		13.453	11.2374	26.6027	0	53.7795	7.71113	
2022-12-05 15:18:46	22	563	11	0	0	0	40	0	0	22.5	0	0	27.5	0	0	22.5	0	6.387		32.6123	491.498	0.00091703	0	0.0281192	1.75149	5.71072	6		13.4618	11.3792	27.1224	0	53.7794	7.71112	
2022-12-05 15:33:05	92	564	6	42.5	0	0	2.5	0	0	25	0	0	20	0	0	22.5	0	7.561		42.551	490.626	0.00123244	0	0.0289639	0.0113315	7.16567	3		13.4618	11.9021	26.0829	0	53.7794	7.71112	
2022-12-05 15:42:20	135	565	6	127.5	0	0	150	0	0	137.5	0	0	140	0	0	138.75	0	4.266		497.826	132.423	0.00450961	0	0.00905862	0.054041	1.42292	3		13.4441	10.7234	26.6027	0	53.7795	7.71113	
2022-12-05 15:28:47	68	566	11	87.5	0	0	2.5	0	0	60	0	0	50	0	0	50	0	13.864		59.6604	494.404	0.000437091	0	0.00732632	0.0694857	3.446	3		13.4618	12.0261	26.0829	0	53.7794	7.71112	
2022-12-05 15:29:37	73	567	7	137.5	0	0	97.5	0	0	130	0	0	125	0	0	122.5	0	3.919		100.39	499.403	0.00134041	0	0.013352	0.0138598	1.42366	3		13.4618	12.2034	26.0829	0	53.7794	7.71112	
2022-12-05 15:43:28	141	568	11	130	0	0	152.5	0	0	137.5	0	0	140	0	0	140	0	3.737		497.584	63.7011	0.00497728	0	0.0100029	0.0566287	1.34679	3		13.453	11.1754	26.6027	0	53.7795	7.71113	
2022-12-05 15:20:10	28	569	5	30	0	0	70	0	0	37.5	0	0	42.5	0	0	45	0	3.919		30.1932	490.256	0.00364124	0	0.120598	0.0264678	12.8588	5		13.4618	11.9552	26.7326	0	53.7794	7.71112	
2022-12-05 15:29:47	74	570	2	132.5	0	0	92.5	0	0	110	0	0	105	0	0	110	0	6.387		140.953	497.248	0.00117136	0	0.00831031	0.0422044	1.68774	4		13.4618	11.7426	26.0829	0	53.7794	7.71112	
2022-12-05 15:20:37	30	571	2	40	0	0	80	0	0	52.5	0	0	57.5	0	0	57.5	0	6.387		37.9031	491.299	0.000556131	0	0.0146724	0.23355	2.97982	3		13.4618	11.5919	26.6027	0	53.7794	7.71112	
2022-12-05 15:20:37	30	572	7	40	0	0	80	0	0	67.5	0	0	72.5	0	0	65	0	3.919		37.9031	491.299	0.000876157	0	0.0231157	0.935503	2.46471	3		13.4618	11.5919	26.6027	0	53.7794	7.71112	
2022-12-05 15:19:03	23	573	11	5	0	0	45	0	0	27.5	0	0	32.5	0	0	27.5	0	6.387		25.4365	489.142	0.00069091	0	0.0271621	0.720116	5.51636	3		13.4618	11.5653	27.1224	0	53.7794	7.71112	
2022-12-05 15:17:08	12	574	2	25	0	0	110	0	0	42.5	0	0	52.5	0	0	57.5	0	9.009		51.7397	489.947	0.000964876	0	0.0186486	0.109525	5.01688	3		13.4618	11.9287	27.7722	0	53.7794	7.71112	
2022-12-05 15:39:31	121	575	7	77.5	0	0	100	0	0	92.5	0	0	95	0	0	91.25	0	2.544		71.2126	497.77	0.00150045	0	0.02107	0.0180827	1.73758	3		13.4618	12.0527	26.3428	0	53.7795	7.71112	
2022-12-05 15:25:34	52	576	1	137.5	0	0	7.5	0	0	35	0	0	20	0	0	50	0	6.896		69.583	504.624	0.00529317	0	0.0760699	12.0171	10.6493	6		13.4618	12.035	26.3428	0	53.7794	7.71112	
2022-12-05 15:17:28	14	577	4	35	0	0	120	0	0	72.5	0	0	82.5	0	0	77.5	0	16.09		48.1819	488.281	0.000277805	0	0.00576576	0.241294	3.2265	3		13.4707	11.9641	27.6422	0	53.7794	7.71112	
2022-12-05 15:32:55	91	578	2	47.5	0	0	7.5	0	0	25	0	0	20	0	0	25	0	6.387		36.0809	492.291	0.00182085	0	0.0504658	0.0989532	10.2491	3		13.4618	11.9287	26.2128	0	53.7794	7.71112	
2022-12-05 15:18:16	19	579	7	60	0	0	145	0	0	117.5	0	0	127.5	0	0	112.5	0	9.009		53.9528	490.062	0.000345826	0	0.00640978	0.830642	1.72437	3		13.4618	11.9198	27.2524	0	53.7794	7.71112	
2022-12-05 15:19:22	25	580	1	15	0	0	55	0	0	17.5	0	0	22.5	0	0	27.5	0	1.511		32.7266	491.069	2.45991	0	75.1655	0.0175554	1744.21	6		13.4618	11.5476	26.8626	0	53.7794	7.71112	
2022-12-05 15:19:13	24	581	12	10	0	0	50	0	0	42.5	0	0	47.5	0	0	37.5	0	1.511		38.4493	488.632	0.978151	0	25.44	0.0133627	590.334	3		13.4618	11.6185	26.9925	0	53.7794	7.71112	
2022-12-05 15:43:28	141	582	5	130	0	0	152.5	0	0	145	0	0	147.5	0	0	143.75	0	2.544		497.584	63.7011	0.00851268	0	0.017108	0.00665708	1.41084	3		13.453	11.1754	26.6027	0	53.7795	7.71113	
2022-12-05 15:20:10	28	583	7	30	0	0	70	0	0	57.5	0	0	62.5	0	0	55	0	3.919		30.1932	490.256	0.000909574	0	0.0301252	0.968318	3.2121	5		13.4618	11.9552	26.7326	0	53.7794	7.71112	
2022-12-05 15:29:47	74	584	12	132.5	0	0	92.5	0	0	130	0	0	125	0	0	120	0	1.511		140.953	497.248	0.00798774	0	0.0566695	0.00184592	1.31501	4		13.4618	11.7426	26.0829	0	53.7794	7.71112	
2022-12-05 15:32:07	86	585	6	72.5	0	0	32.5	0	0	55	0	0	50	0	0	52.5	0	7.561		41.4653	492.211	0.000549163	0	0.0132439	0.2669	3.27655	3		13.4618	11.8578	26.2128	0	53.7794	7.71112	
2022-12-05 15:31:24	82	586	8	92.5	0	0	52.5	0	0	80	0	0	75	0	0	75	0	6.387		48.4485	491.007	0.000534987	0	0.0110424	0.233924	2.2426	3		13.4618	11.9464	26.2128	0	53.7794	7.71112	
2022-12-05 15:37:16	112	587	1	7.5	0	0	30	0	0	10	0	0	12.5	0	0	15	0	1.339		31.1401	491.06	1.38041	0	44.3291	0.0357335	1344.62	6		13.4618	11.3792	26.3428	0	53.7794	7.71112	
2022-12-05 15:19:53	27	588	2	25	0	0	65	0	0	37.5	0	0	42.5	0	0	42.5	0	6.387		28.6879	489.415	0.00075378	0	0.0262752	0.0767915	5.33622	6		13.4707	11.9641	26.7326	0	53.7794	7.71112	
2022-12-05 15:32:17	87	589	1	67.5	0	0	27.5	0	0	35	0	0	30	0	0	40	0	1.511		32.2297	486.159	0.913364	0	28.3392	0.00577563	657.611	3		13.4618	11.9021	26.0829	0	53.7794	7.71112	
2022-12-05 15:20:26	29	590	5	35	0	0	75	0	0	42.5	0	0	47.5	0	0	50	0	3.919		33.0217	485.666	0.00343955	0	0.10416	0.0568256	11.1061	3		13.4618	11.583	26.6027	0	53.7794	7.71112	
2022-12-05 15:28:37	67	591	5	92.5	0	0	7.5	0	0	35	0	0	25	0	0	40	0	9.009		48.3879	488.177	0.0015193	0	0.0313983	0.111494	8.44682	3		13.4618	12.0882	26.0829	0	53.7794	7.71112	
2022-12-05 15:19:53	27	592	12	25	0	0	65	0	0	57.5	0	0	62.5	0	0	52.5	0	1.511		28.6879	489.415	0.306394	0	10.6802	0.0227876	247.835	6		13.4707	11.9641	26.7326	0	53.7794	7.71112	
2022-12-05 15:20:48	31	593	2	45	0	0	85	0	0	57.5	0	0	62.5	0	0	62.5	0	6.387		51.9523	492.037	0.000920728	0	0.0177226	0.0200567	3.59927	3		13.4618	11.521	26.6027	0	53.7794	7.71112	
2022-12-05 15:24:17	46	594	5	110	0	0	150	0	0	117.5	0	0	122.5	0	0	125	0	3.919		239.347	320.306	0.00316297	0	0.013215	0.0139259	1.40905	3		13.4353	11.069	26.4727	0	53.7794	7.71112	
2022-12-05 15:29:17	71	595	6	147.5	0	0	107.5	0	0	130	0	0	125	0	0	127.5	0	7.561		239.313	349.659	0.00152843	0	0.00638674	0.0157568	1.58008	3		13.4441	10.9095	26.0829	0	53.7794	7.71112	
2022-12-05 15:32:17	87	596	11	67.5	0	0	27.5	0	0	55	0	0	50	0	0	50	0	6.387		32.2297	486.159	0.000473725	0	0.0146984	0.104752	2.9851	3		13.4618	11.9021	26.0829	0	53.7794	7.71112	
2022-12-05 15:43:28	141	597	1	130	0	0	152.5	0	0	147.5	0	0	150	0	0	145	0	1.339		497.584	63.7011	0.0237393	0	0.0477092	0.00753235	1.44714	3		13.453	11.1754	26.6027	0	53.7795	7.71113	
2022-12-05 15:20:10	28	598	6	30	0	0	70	0	0	47.5	0	0	52.5	0	0	50	0	7.561		30.1932	490.256	0.00041684	0	0.0138058	0.0763364	3.41555	5		13.4618	11.9552	26.7326	0	53.7794	7.71112	
2022-12-05 15:18:16	19	599	1	60	0	0	145	0	0	67.5	0	0	77.5	0	0	87.5	0	4.212		53.9528	490.062	0.00203203	0	0.0376631	0.141438	3.02994	3		13.4618	11.9198	27.2524	0	53.7794	7.71112	
2022-12-05 15:20:10	28	600	12	30	0	0	70	0	0	62.5	0	0	67.5	0	0	57.5	0	1.511		30.1932	490.256	0.29585	0	9.79856	0.0209183	227.375	5		13.4618	11.9552	26.7326	0	53.7794	7.71112	
2022-12-05 15:32:07	86	601	11	72.5	0	0	32.5	0	0	60	0	0	55	0	0	55	0	6.387		41.4653	492.211	0.000565933	0	0.0136484	0.288702	2.77184	3		13.4618	11.8578	26.2128	0	53.7794	7.71112	
2022-12-05 15:33:24	94	602	1	22.5	0	0	45	0	0	25	0	0	27.5	0	0	30	0	1.339		50.0833	494.293	1.52317	0	30.4127	0.0791714	922.496	3		13.4618	11.8666	26.2128	0	53.7794	7.71112	
2022-12-05 15:28:08	64	603	10	107.5	0	0	22.5	0	0	100	0	0	90	0	0	80	0	4.212		86.6494	494.153	0.00164762	0	0.0190148	0.0433542	1.52971	3		13.4618	12.035	26.0829	0	53.7794	7.71112	
2022-12-05 15:20:26	29	604	1	35	0	0	75	0	0	37.5	0	0	42.5	0	0	47.5	0	1.511		33.0217	485.666	0.808422	0	24.4816	0.0112068	568.093	3		13.4618	11.583	26.6027	0	53.7794	7.71112	
2022-12-05 15:25:52	53	605	10	132.5	0	0	2.5	0	0	120	0	0	105	0	0	90	0	6.896		129.295	494.698	0.00139944	0	0.0108237	0.100511	1.51525	3		13.4618	11.973	26.2128	0	53.7794	7.71112	
2022-12-05 15:21:56	38	606	7	80	0	0	120	0	0	107.5	0	0	112.5	0	0	105	0	3.919		92.7704	489.229	0.00118941	0	0.012821	0.0720374	1.36704	3		13.4618	11.9552	26.3428	0	53.7794	7.71112	
2022-12-05 15:36:11	107	607	12	27.5	0	0	50	0	0	45	0	0	47.5	0	0	42.5	0	1.339		33.3684	491.465	0.846402	0	25.3654	0.0873766	769.399	6		13.4618	12.0793	26.2128	0	53.7794	7.71112	
2022-12-05 15:20:26	29	608	2	35	0	0	75	0	0	47.5	0	0	52.5	0	0	52.5	0	6.387		33.0217	485.666	0.000629378	0	0.0190595	0.162264	3.8708	3		13.4618	11.583	26.6027	0	53.7794	7.71112	
2022-12-05 15:43:28	141	609	6	130	0	0	152.5	0	0	140	0	0	142.5	0	0	141.25	0	4.266		497.584	63.7011	0.00449577	0	0.00903519	0.0591247	1.41924	3		13.453	11.1754	26.6027	0	53.7795	7.71113	
2022-12-05 15:20:10	28	610	11	30	0	0	70	0	0	52.5	0	0	57.5	0	0	52.5	0	6.387		30.1932	490.256	0.000362761	0	0.0120146	0.259672	2.44005	5		13.4618	11.9552	26.7326	0	53.7794	7.71112	
2022-12-05 15:20:37	30	611	11	40	0	0	80	0	0	62.5	0	0	67.5	0	0	62.5	0	6.387		37.9031	491.299	0.000509869	0	0.0134519	0.200994	2.73194	3		13.4618	11.5919	26.6027	0	53.7794	7.71112	
2022-12-05 15:29:27	72	612	7	142.5	0	0	102.5	0	0	135	0	0	130	0	0	127.5	0	3.919		92.0261	495.28	0.00124261	0	0.0135028	0.0526366	1.43974	3		13.453	11.3881	26.0829	0	53.7794	7.71112	
2022-12-05 15:40:02	124	613	11	12.5	0	0	35	0	0	25	0	0	27.5	0	0	25	0	3.737		27.4079	490.456	0.00325218	0	0.118658	0.561624	15.9761	3		13.453	11.2551	26.4727	0	53.7795	7.71113	
2022-12-05 15:21:27	35	614	2	65	0	0	105	0	0	72.5	0	0	77.5	0	0	80	0	3.919		51.8328	496.924	0.00153907	0	0.029693	0.0176398	3.16602	3		13.4618	11.5476	26.4727	0	53.7794	7.71112	
2022-12-05 15:20:48	31	615	11	45	0	0	85	0	0	67.5	0	0	72.5	0	0	67.5	0	6.387		51.9523	492.037	0.000624189	0	0.0120146	0.0836973	2.44005	3		13.4618	11.521	26.6027	0	53.7794	7.71112	
2022-12-05 15:18:36	21	616	7	70	0	0	155	0	0	127.5	0	0	137.5	0	0	122.5	0	9.009		70.3472	488.94	0.000345751	0	0.00491492	0.212321	1.32222	3		13.4618	11.9464	27.1224	0	53.7794	7.71112	
2022-12-05 15:32:17	87	617	12	67.5	0	0	27.5	0	0	65	0	0	60	0	0	55	0	1.511		32.2297	486.159	0.394222	0	12.2317	0.0182624	283.835	3		13.4618	11.9021	26.0829	0	53.7794	7.71112	
2022-12-05 15:34:59	102	618	2	47.5	0	0	70	0	0	55	0	0	57.5	0	0	57.5	0	3.737		35.6569	493.979	0.000973747	0	0.0273088	0.510338	3.67685	3		13.4618	12.0616	26.2128	0	53.7794	7.71112	
2022-12-05 15:16:12	7	619	6	0	0	0	85	0	0	37.5	0	0	47.5	0	0	42.5	0	16.09		45.1842	492.5	0.000456342	0	0.0100996	0.0334441	5.65169	6		13.4618	11.4944	28.4219	0	53.7794	7.71112	
2022-12-05 15:20:58	32	620	1	50	0	0	90	0	0	52.5	0	0	57.5	0	0	62.5	0	1.511		47.6239	491.01	0.9825	0	20.6304	0.0089349	478.727	3		13.4618	11.4678	26.3428	0	53.7794	7.71112	
2022-12-05 15:20:58	32	621	2	50	0	0	90	0	0	62.5	0	0	67.5	0	0	67.5	0	6.387		47.6239	491.01	0.000711928	0	0.014949	0.140278	3.03598	3		13.4618	11.4678	26.3428	0	53.7794	7.71112	
2022-12-05 15:31:24	82	622	1	92.5	0	0	52.5	0	0	60	0	0	55	0	0	65	0	1.511		48.4485	491.007	0.70022	0	14.4529	0.0287571	335.378	3		13.4618	11.9464	26.2128	0	53.7794	7.71112	
2022-12-05 15:38:10	115	623	6	75	0	0	97.5	0	0	85	0	0	87.5	0	0	86.25	0	4.266		49.7209	497.05	0.000523525	0	0.0105293	0.452221	1.65393	3		13.4618	11.8312	26.3428	0	53.7794	7.71112	
2022-12-05 15:16:03	6	624	1	25	0	0	155	0	0	37.5	0	0	52.5	0	0	67.5	0	6.896		59.1114	488.912	0.00241865	0	0.0409168	0.0372085	5.7281	3		13.4618	11.9375	28.5519	0	53.7794	7.71112	
2022-12-05 15:15:36	4	625	4	15	0	0	145	0	0	72.5	0	0	87.5	0	0	80	0	24.621		63.5275	490.251	0.000318131	0	0.00500777	0.951251	4.37229	3		13.4618	11.3881	28.8117	0	53.7794	7.71112	
2022-12-05 15:34:23	99	626	2	135	0	0	157.5	0	0	147.5	0	0	150	0	0	147.5	0	3.737		497.705	48.3037	0.0047232	0	0.00948995	0.0189836	1.27772	3		13.4441	10.6968	26.2128	0	53.7794	7.71112	
2022-12-05 15:30:39	79	627	12	107.5	0	0	67.5	0	0	105	0	0	100	0	0	95	0	1.511		61.8902	489.994	0.00480638	0	0.0776597	0.0237676	1.80209	6		13.4618	11.7603	26.2128	0	53.7794	7.71112	
2022-12-05 15:28:08	64	628	9	107.5	0	0	22.5	0	0	90	0	0	80	0	0	75	0	9.009		86.6494	494.153	0.000785197	0	0.00906177	0.101734	2.43781	3		13.4618	12.035	26.0829	0	53.7794	7.71112	
2022-12-05 15:28:57	69	629	1	157.5	0	0	117.5	0	0	125	0	0	120	0	0	130	0	1.511		131.507	501.162	0.0083685	0	0.0636354	0.00552663	1.47666	3		13.4618	11.9641	26.0829	0	53.7794	7.71112	
2022-12-05 15:31:24	82	630	4	92.5	0	0	52.5	0	0	75	0	0	70	0	0	72.5	0	7.561		48.4485	491.007	0.000503452	0	0.0103915	0.0656626	2.57086	3		13.4618	11.9464	26.2128	0	53.7794	7.71112	
2022-12-05 15:40:31	126	631	7	57.5	0	0	80	0	0	72.5	0	0	75	0	0	71.25	0	2.544		39.6366	491.074	0.00277664	0	0.0700524	0.0529427	5.777	3		13.4618	11.8932	26.4727	0	53.7795	7.71113	
2022-12-05 15:29:07	70	632	2	152.5	0	0	112.5	0	0	130	0	0	125	0	0	130	0	6.387		442.098	266.841	0.0033325	0	0.00753793	0.0377118	1.53088	3		13.453	11.583	26.0829	0	53.7794	7.71112	
2022-12-05 15:29:07	70	633	5	152.5	0	0	112.5	0	0	125	0	0	120	0	0	127.5	0	3.919		442.098	266.841	0.00578382	0	0.0130827	0.0316366	1.39494	3		13.453	11.583	26.0829	0	53.7794	7.71112	
2022-12-05 15:29:07	70	634	1	152.5	0	0	112.5	0	0	120	0	0	115	0	0	125	0	1.511		442.098	266.841	0.0304289	0	0.0688284	0.0421456	1.59716	3		13.453	11.583	26.0829	0	53.7794	7.71112	
2022-12-05 15:29:17	71	635	12	147.5	0	0	107.5	0	0	145	0	0	140	0	0	135	0	1.511		239.313	349.659	0.0143049	0	0.0597749	0.0140158	1.38707	3		13.4441	10.9095	26.0829	0	53.7794	7.71112	
2022-12-05 15:35:27	104	636	2	92.5	0	0	115	0	0	100	0	0	102.5	0	0	102.5	0	3.737		71.5104	496.912	0.000811958	0	0.0113544	0.21557	1.52875	3		13.4618	11.8046	26.2128	0	53.7794	7.71112	
2022-12-05 15:42:29	136	637	12	17.5	0	0	40	0	0	35	0	0	37.5	0	0	32.5	0	1.339		40.9783	491.748	0.701896	0	17.1285	0.0290881	519.551	3		13.453	11.2374	26.6027	0	53.7795	7.71113	
2022-12-05 15:29:17	71	638	7	147.5	0	0	107.5	0	0	140	0	0	135	0	0	132.5	0	3.919		239.313	349.659	0.00306135	0	0.0127922	0.00814841	1.36397	3		13.4441	10.9095	26.0829	0	53.7794	7.71112	
2022-12-05 15:42:29	136	639	11	17.5	0	0	40	0	0	30	0	0	32.5	0	0	30	0	3.737		40.9783	491.748	0.00382448	0	0.0933294	0.312809	12.5658	3		13.453	11.2374	26.6027	0	53.7795	7.71113	
2022-12-05 15:24:17	46	640	11	110	0	0	150	0	0	132.5	0	0	137.5	0	0	132.5	0	6.387		239.347	320.306	0.00172346	0	0.00720067	0.022894	1.46238	3		13.4353	11.069	26.4727	0	53.7794	7.71112	
2022-12-05 15:29:17	71	641	5	147.5	0	0	107.5	0	0	120	0	0	115	0	0	122.5	0	3.919		239.313	349.659	0.00330883	0	0.0138263	0.417225	1.47424	3		13.4441	10.9095	26.0829	0	53.7794	7.71112	
2022-12-05 15:16:29	8	642	12	5	0	0	90	0	0	72.5	0	0	82.5	0	0	62.5	0	4.212		27.9809	491.676	0.000727639	0	0.0260048	0.0392522	2.09205	3		13.4707	11.973	28.162	0	53.7794	7.71112	
2022-12-05 15:30:00	75	643	7	127.5	0	0	87.5	0	0	120	0	0	115	0	0	112.5	0	3.919		104.081	496.963	0.00142519	0	0.0136931	0.144278	1.46003	3		13.453	11.5121	26.2128	0	53.7794	7.71112	
2022-12-05 15:18:36	21	644	6	70	0	0	155	0	0	107.5	0	0	117.5	0	0	112.5	0	16.09		70.3472	488.94	0.000272367	0	0.00387176	0.264593	2.16662	3		13.4618	11.9464	27.1224	0	53.7794	7.71112	
2022-12-05 15:32:17	87	645	2	67.5	0	0	27.5	0	0	45	0	0	40	0	0	45	0	6.387		32.2297	486.159	0.000794227	0	0.0246427	0.0814405	5.00469	3		13.4618	11.9021	26.0829	0	53.7794	7.71112	
2022-12-05 15:16:59	11	646	7	20	0	0	105	0	0	77.5	0	0	87.5	0	0	72.5	0	9.009		85.2542	491.094	0.000692823	0	0.00812655	0.0702695	2.18621	3		13.4618	11.6628	27.9021	0	53.7794	7.71112	
2022-12-05 15:29:27	72	647	6	142.5	0	0	102.5	0	0	125	0	0	120	0	0	122.5	0	7.561		92.0261	495.28	0.00059132	0	0.00642556	0.033327	1.58969	3		13.453	11.3881	26.0829	0	53.7794	7.71112	
2022-12-05 15:29:27	72	648	2	142.5	0	0	102.5	0	0	120	0	0	115	0	0	120	0	6.387		92.0261	495.28	0.000746459	0	0.00811139	0.247718	1.64734	3		13.453	11.3881	26.0829	0	53.7794	7.71112	
2022-12-05 15:38:39	118	649	11	10	0	0	32.5	0	0	17.5	0	0	20	0	0	20	0	3.737		37.9457	491.048	0.0107993	0	0.284599	1.12476	38.3184	6		13.4618	11.9198	26.3428	0	53.7794	7.71112	
2022-12-05 15:29:37	73	650	11	137.5	0	0	97.5	0	0	125	0	0	120	0	0	120	0	6.387		100.39	499.403	0.000765811	0	0.00762833	0.0896532	1.54924	3		13.4618	12.2034	26.0829	0	53.7794	7.71112	
2022-12-05 15:18:36	21	651	11	70	0	0	155	0	0	117.5	0	0	127.5	0	0	117.5	0	13.864		70.3472	488.94	0.000303358	0	0.00431229	0.191582	2.02832	3		13.4618	11.9464	27.1224	0	53.7794	7.71112	
2022-12-05 15:39:14	120	652	11	55	0	0	77.5	0	0	62.5	0	0	65	0	0	65	0	3.737		55.0074	491.324	0.0014253	0	0.0259111	0.561785	3.48867	5		13.453	11.8666	26.3428	0	53.7794	7.71112	
2022-12-05 15:22:35	42	653	12	100	0	0	140	0	0	132.5	0	0	137.5	0	0	127.5	0	1.511		93.196	496.788	0.00573463	0	0.0615331	0.0410441	1.42787	3		13.4618	11.1931	26.3428	0	53.7794	7.71112	
2022-12-05 15:29:37	73	654	6	137.5	0	0	97.5	0	0	120	0	0	115	0	0	117.5	0	7.561		100.39	499.403	0.000689972	0	0.00687289	0.539228	1.70036	3		13.4618	12.2034	26.0829	0	53.7794	7.71112	
2022-12-05 15:22:35	42	655	7	100	0	0	140	0	0	127.5	0	0	132.5	0	0	125	0	3.919		93.196	496.788	0.00119722	0	0.0128463	0.229831	1.36974	3		13.4618	11.1931	26.3428	0	53.7794	7.71112	
2022-12-05 15:29:37	73	656	2	137.5	0	0	97.5	0	0	115	0	0	110	0	0	115	0	6.387		100.39	499.403	0.000790973	0	0.00787896	0.0682205	1.60014	3		13.4618	12.2034	26.0829	0	53.7794	7.71112	
2022-12-05 15:16:39	9	657	12	10	0	0	95	0	0	77.5	0	0	87.5	0	0	67.5	0	4.212		44.28	492.704	0.00101228	0	0.022861	0.0427498	1.83913	3		13.4618	11.7337	28.162	0	53.7794	7.71112	
2022-12-05 15:29:47	74	658	7	132.5	0	0	92.5	0	0	125	0	0	120	0	0	117.5	0	3.919		140.953	497.248	0.00186108	0	0.0132035	0.0244467	1.40783	4		13.4618	11.7426	26.0829	0	53.7794	7.71112	
2022-12-05 15:40:02	124	659	2	12.5	0	0	35	0	0	20	0	0	22.5	0	0	22.5	0	3.737		27.4079	490.456	0.00895782	0	0.326833	0.519111	44.0047	3		13.453	11.2551	26.4727	0	53.7795	7.71113	
2022-12-05 15:29:47	74	660	11	132.5	0	0	92.5	0	0	120	0	0	115	0	0	115	0	6.387		140.953	497.248	0.00112404	0	0.00797455	0.847084	1.61955	4		13.4618	11.7426	26.0829	0	53.7794	7.71112	
2022-12-05 15:29:47	74	661	1	132.5	0	0	92.5	0	0	100	0	0	95	0	0	105	0	1.511		140.953	497.248	0.134905	0	0.95709	0.147549	22.2092	4		13.4618	11.7426	26.0829	0	53.7794	7.71112	
2022-12-05 15:16:29	8	662	11	5	0	0	90	0	0	52.5	0	0	62.5	0	0	52.5	0	13.864		27.9809	491.676	0.000197046	0	0.00704217	0.274533	3.31234	3		13.4707	11.973	28.162	0	53.7794	7.71112	
2022-12-05 15:30:00	75	663	5	127.5	0	0	87.5	0	0	100	0	0	95	0	0	102.5	0	3.919		104.081	496.963	0.00176889	0	0.0169953	0.230067	1.81213	3		13.453	11.5121	26.2128	0	53.7794	7.71112	
2022-12-05 15:30:00	75	664	1	127.5	0	0	87.5	0	0	95	0	0	90	0	0	100	0	1.511		104.081	496.963	0.0552793	0	0.531118	0.0404399	12.3246	3		13.453	11.5121	26.2128	0	53.7794	7.71112	
2022-12-05 15:30:10	76	665	7	122.5	0	0	82.5	0	0	115	0	0	110	0	0	107.5	0	3.919		85.4935	491.004	0.00111884	0	0.0130868	0.0266332	1.39539	3		13.4618	11.7071	26.2128	0	53.7794	7.71112	
2022-12-05 15:30:10	76	666	2	122.5	0	0	82.5	0	0	100	0	0	95	0	0	100	0	6.387		85.4935	491.004	0.00080021	0	0.00935989	0.0769692	1.9009	3		13.4618	11.7071	26.2128	0	53.7794	7.71112	
2022-12-05 15:43:28	141	667	2	130	0	0	152.5	0	0	142.5	0	0	145	0	0	142.5	0	3.737		497.584	63.7011	0.00497423	0	0.00999677	0.195964	1.34596	3		13.453	11.1754	26.6027	0	53.7795	7.71113	
2022-12-05 15:20:10	28	668	2	30	0	0	70	0	0	42.5	0	0	47.5	0	0	47.5	0	6.387		30.1932	490.256	0.000710159	0	0.0235205	0.0556324	4.77678	5		13.4618	11.9552	26.7326	0	53.7794	7.71112	
2022-12-05 15:36:57	110	669	12	95	0	0	117.5	0	0	97.5	0	0	100	0	0	102.5	0	1.339		58.5671	497.673	0.0625712	0	1.06837	0.0210617	32.4064	3		13.4618	11.7957	26.3428	0	53.7794	7.71112	
2022-12-05 15:30:57	80	670	12	102.5	0	0	62.5	0	0	100	0	0	95	0	0	90	0	1.511		37.0997	492.84	0.0358424	0	0.966111	0.153546	22.4185	6		13.4618	11.8666	26.0829	0	53.7794	7.71112	
2022-12-05 15:22:06	39	671	11	85	0	0	125	0	0	107.5	0	0	112.5	0	0	107.5	0	6.387		123.375	494.702	0.000917116	0	0.00743356	0.212411	1.50968	3		13.4618	11.2285	26.3428	0	53.7794	7.71112	
2022-12-05 15:30:10	76	672	5	122.5	0	0	82.5	0	0	95	0	0	90	0	0	97.5	0	3.919		85.4935	491.004	0.0017446	0	0.0204063	0.0710374	2.17582	3		13.4618	11.7071	26.2128	0	53.7794	7.71112	
2022-12-05 15:30:57	80	673	7	102.5	0	0	62.5	0	0	95	0	0	90	0	0	87.5	0	3.919		37.0997	492.84	0.000563194	0	0.0151806	0.065022	1.61863	6		13.4618	11.8666	26.0829	0	53.7794	7.71112	
2022-12-05 15:30:20	77	674	6	117.5	0	0	77.5	0	0	100	0	0	95	0	0	97.5	0	7.561		91.9109	498.232	0.00068491	0	0.0074519	0.0710321	1.8436	3		13.4618	11.778	26.2128	0	53.7794	7.71112	
2022-12-05 15:30:20	77	675	2	117.5	0	0	77.5	0	0	95	0	0	90	0	0	95	0	6.387		91.9109	498.232	0.000975991	0	0.0106189	0.0116263	2.15659	3		13.4618	11.778	26.2128	0	53.7794	7.71112	
2022-12-05 15:30:30	78	676	12	112.5	0	0	72.5	0	0	110	0	0	105	0	0	100	0	1.511		85.9137	491.542	0.00542612	0	0.0631578	0.00458108	1.46557	3		13.4618	12.1679	26.0829	0	53.7794	7.71112	
2022-12-05 15:19:22	25	677	5	15	0	0	55	0	0	22.5	0	0	27.5	0	0	30	0	3.919		32.7266	491.069	0.0132754	0	0.405644	0.0449588	43.2519	6		13.4618	11.5476	26.8626	0	53.7794	7.71112	
2022-12-05 15:37:34	113	678	1	30	0	0	52.5	0	0	47.5	0	0	50	0	0	45	0	1.339		31.1395	491.42	0.636478	0	20.4396	0.0476307	619.986	6		13.4618	11.8844	26.3428	0	53.7794	7.71112	
2022-12-05 15:30:30	78	679	7	112.5	0	0	72.5	0	0	105	0	0	100	0	0	97.5	0	3.919		85.9137	491.542	0.0012019	0	0.0139896	0.125921	1.49165	3		13.4618	12.1679	26.0829	0	53.7794	7.71112	
2022-12-05 15:30:30	78	680	11	112.5	0	0	72.5	0	0	100	0	0	95	0	0	95	0	6.387		85.9137	491.542	0.000713524	0	0.00830513	0.0195745	1.68669	3		13.4618	12.1679	26.0829	0	53.7794	7.71112	
2022-12-05 15:17:47	16	681	8	45	0	0	130	0	0	92.5	0	0	102.5	0	0	92.5	0	13.864		86.0303	492.196	0.000430562	0	0.00500478	0.0400614	2.35404	3		13.4618	11.4767	27.5123	0	53.7794	7.71112	
2022-12-05 15:37:34	113	682	11	30	0	0	52.5	0	0	37.5	0	0	40	0	0	40	0	3.737		31.1395	491.42	0.0030447	0	0.097776	0.304072	13.1645	6		13.4618	11.8844	26.3428	0	53.7794	7.71112	
2022-12-05 15:21:46	37	683	12	75	0	0	115	0	0	107.5	0	0	112.5	0	0	102.5	0	1.511		56.7815	496.04	0.00385956	0	0.0679722	0.0312417	1.57729	3		13.4618	11.4058	26.4727	0	53.7794	7.71112	
2022-12-05 15:18:46	22	684	2	0	0	0	40	0	0	12.5	0	0	17.5	0	0	17.5	0	6.387		32.6123	491.498	0.00258086	0	0.0791377	0.0170448	16.0721	6		13.4618	11.3792	27.1224	0	53.7794	7.71112	
2022-12-05 15:30:30	78	685	6	112.5	0	0	72.5	0	0	95	0	0	90	0	0	92.5	0	7.561		85.9137	491.542	0.000686516	0	0.00799076	0.0590644	1.97692	3		13.4618	12.1679	26.0829	0	53.7794	7.71112	
2022-12-05 15:30:30	78	686	5	112.5	0	0	72.5	0	0	85	0	0	80	0	0	87.5	0	3.919		85.9137	491.542	0.00238999	0	0.0278185	0.133209	2.96616	3		13.4618	12.1679	26.0829	0	53.7794	7.71112	
2022-12-05 15:30:30	78	687	1	112.5	0	0	72.5	0	0	80	0	0	75	0	0	85	0	1.511		85.9137	491.542	0.928865	0	10.8116	0.0327902	250.883	3		13.4618	12.1679	26.0829	0	53.7794	7.71112	
2022-12-05 15:34:23	99	688	11	135	0	0	157.5	0	0	142.5	0	0	145	0	0	145	0	3.737		497.705	48.3037	0.00499927	0	0.0100446	0.0179967	1.35241	3		13.4441	10.6968	26.2128	0	53.7794	7.71112	
2022-12-05 15:30:39	79	689	7	107.5	0	0	67.5	0	0	100	0	0	95	0	0	92.5	0	3.919		61.8902	489.994	0.000879112	0	0.0142044	0.0667096	1.51454	6		13.4618	11.7603	26.2128	0	53.7794	7.71112	
2022-12-05 15:30:39	79	690	11	107.5	0	0	67.5	0	0	95	0	0	90	0	0	90	0	6.387		61.8902	489.994	0.000551343	0	0.00890839	0.045569	1.80921	6		13.4618	11.7603	26.2128	0	53.7794	7.71112	
2022-12-05 15:30:39	79	691	6	107.5	0	0	67.5	0	0	90	0	0	85	0	0	87.5	0	7.561		61.8902	489.994	0.000583792	0	0.00943271	0.0585813	2.33366	6		13.4618	11.7603	26.2128	0	53.7794	7.71112	
2022-12-05 15:30:39	79	692	5	107.5	0	0	67.5	0	0	80	0	0	75	0	0	82.5	0	3.919		61.8902	489.994	0.00168802	0	0.0272744	1.03873	2.90814	6		13.4618	11.7603	26.2128	0	53.7794	7.71112	
2022-12-05 15:31:14	81	693	7	97.5	0	0	57.5	0	0	95	0	0	90	0	0	85	0	1.511		39.7633	492.982	0.0426591	0	1.07282	0.0927074	24.8948	3		13.4618	12.1857	26.0829	0	53.7794	7.71112	
2022-12-05 15:31:14	81	694	6	97.5	0	0	57.5	0	0	90	0	0	85	0	0	82.5	0	3.919		39.7633	492.982	0.000705087	0	0.0177321	0.03433	1.89069	3		13.4618	12.1857	26.0829	0	53.7794	7.71112	
2022-12-05 15:21:17	34	695	8	60	0	0	100	0	0	82.5	0	0	87.5	0	0	82.5	0	6.387		34.5334	490.644	0.000364538	0	0.0105561	0.331505	2.14384	3		13.4618	11.5476	26.4727	0	53.7794	7.71112	
2022-12-05 15:31:14	81	696	2	97.5	0	0	57.5	0	0	70	0	0	65	0	0	72.5	0	3.919		39.7633	492.982	0.00132789	0	0.0333947	0.708168	3.56072	3		13.4618	12.1857	26.0829	0	53.7794	7.71112	
2022-12-05 15:31:57	85	697	7	77.5	0	0	37.5	0	0	70	0	0	65	0	0	62.5	0	3.919		53.9804	491.752	0.0012747	0	0.0236141	0.0630297	2.51786	3		13.4618	12.0793	26.2128	0	53.7794	7.71112	
2022-12-05 15:31:24	82	698	3	92.5	0	0	52.5	0	0	70	0	0	65	0	0	70	0	6.387		48.4485	491.007	0.000666056	0	0.0137477	0.104805	2.79202	3		13.4618	11.9464	26.2128	0	53.7794	7.71112	
2022-12-05 15:31:24	82	699	2	92.5	0	0	52.5	0	0	65	0	0	60	0	0	67.5	0	3.919		48.4485	491.007	0.00196823	0	0.0406253	0.557334	4.33168	3		13.4618	11.9464	26.2128	0	53.7794	7.71112	
2022-12-05 15:31:34	83	700	11	87.5	0	0	47.5	0	0	75	0	0	70	0	0	70	0	6.387		42.6667	493.311	0.000523337	0	0.0122657	0.114389	2.49104	3		13.4618	11.9021	26.2128	0	53.7794	7.71112	
2022-12-05 15:20:58	32	701	12	50	0	0	90	0	0	82.5	0	0	87.5	0	0	77.5	0	1.511		47.6239	491.01	0.0247314	0	0.519306	0.0183865	12.0505	3		13.4618	11.4678	26.3428	0	53.7794	7.71112	
2022-12-05 15:31:34	83	702	6	87.5	0	0	47.5	0	0	70	0	0	65	0	0	67.5	0	7.561		42.6667	493.311	0.000466621	0	0.0109364	0.0551019	2.70568	3		13.4618	11.9021	26.2128	0	53.7794	7.71112	
2022-12-05 15:20:58	32	703	7	50	0	0	90	0	0	77.5	0	0	82.5	0	0	75	0	3.919		47.6239	491.01	0.000938612	0	0.0197088	0.0881578	2.10146	3		13.4618	11.4678	26.3428	0	53.7794	7.71112	
2022-12-05 15:31:34	83	704	2	87.5	0	0	47.5	0	0	65	0	0	60	0	0	65	0	6.387		42.6667	493.311	0.000659091	0	0.0154474	0.0811926	3.13722	3		13.4618	11.9021	26.2128	0	53.7794	7.71112	
2022-12-05 15:31:34	83	705	1	87.5	0	0	47.5	0	0	55	0	0	50	0	0	60	0	1.511		42.6667	493.311	1.09821	0	25.7394	0.0242429	597.281	3		13.4618	11.9021	26.2128	0	53.7794	7.71112	
2022-12-05 15:44:28	146	706	2	110	0	0	132.5	0	0	122.5	0	0	125	0	0	122.5	0	3.737		239.298	322.013	0.00241984	0	0.0101123	0.00507142	1.36151	3		13.4707	12.0084	26.7326	0	53.7795	7.71113	
2022-12-05 15:31:44	84	707	12	82.5	0	0	42.5	0	0	80	0	0	75	0	0	70	0	1.511		36.7411	490.218	0.295314	0	8.03771	0.0242367	186.515	4		13.4618	12.1591	26.0829	0	53.7794	7.71112	
2022-12-05 15:44:28	146	708	11	110	0	0	132.5	0	0	117.5	0	0	120	0	0	120	0	3.737		239.298	322.013	0.00245971	0	0.0102789	0.0113788	1.38394	3		13.4707	12.0084	26.7326	0	53.7795	7.71113	
2022-12-05 15:31:44	84	709	7	82.5	0	0	42.5	0	0	75	0	0	70	0	0	67.5	0	3.919		36.7411	490.218	0.00087739	0	0.0238804	0.101864	2.54625	4		13.4618	12.1591	26.0829	0	53.7794	7.71112	
2022-12-05 15:33:05	92	710	5	42.5	0	0	2.5	0	0	15	0	0	10	0	0	17.5	0	3.919		42.551	490.626	0.0188778	0	0.443651	0.24309	47.3044	3		13.4618	11.9021	26.0829	0	53.7794	7.71112	
2022-12-05 15:31:44	84	711	2	82.5	0	0	42.5	0	0	60	0	0	55	0	0	60	0	6.387		36.7411	490.218	0.000607895	0	0.0165454	0.389356	3.3602	4		13.4618	12.1591	26.0829	0	53.7794	7.71112	
2022-12-05 15:20:48	31	712	5	45	0	0	85	0	0	52.5	0	0	57.5	0	0	60	0	3.919		51.9523	492.037	0.00298557	0	0.0574675	0.0149197	6.12749	3		13.4618	11.521	26.6027	0	53.7794	7.71112	
2022-12-05 15:35:53	106	713	2	5	0	0	27.5	0	0	17.5	0	0	20	0	0	17.5	0	3.737		22.6819	486.057	0.00303095	0	0.133629	1.30528	17.9917	6		13.4618	11.9907	26.2128	0	53.7794	7.71112	
2022-12-05 15:37:16	112	714	2	7.5	0	0	30	0	0	15	0	0	17.5	0	0	17.5	0	3.737		31.1401	491.06	0.00755398	0	0.24258	0.379058	32.6609	6		13.4618	11.3792	26.3428	0	53.7794	7.71112	
2022-12-05 15:32:07	86	715	12	72.5	0	0	32.5	0	0	70	0	0	65	0	0	60	0	1.511		41.4653	492.211	0.711191	0	17.1515	0.0296588	397.999	3		13.4618	11.8578	26.2128	0	53.7794	7.71112	
2022-12-05 15:33:24	94	716	11	22.5	0	0	45	0	0	35	0	0	37.5	0	0	35	0	3.737		50.0833	494.293	0.00396356	0	0.0791393	0.409584	10.6553	3		13.4618	11.8666	26.2128	0	53.7794	7.71112	
2022-12-05 15:32:07	86	717	7	72.5	0	0	32.5	0	0	65	0	0	60	0	0	57.5	0	3.919		41.4653	492.211	0.00179317	0	0.043245	0.0308201	4.61101	3		13.4618	11.8578	26.2128	0	53.7794	7.71112	
2022-12-05 15:28:28	66	718	11	97.5	0	0	12.5	0	0	70	0	0	60	0	0	60	0	13.864		35.2447	492.65	0.000250242	0	0.00710013	0.144975	3.3396	3		13.4618	12.0084	26.0829	0	53.7794	7.71112	
2022-12-05 15:33:24	94	719	2	22.5	0	0	45	0	0	30	0	0	32.5	0	0	32.5	0	3.737		50.0833	494.293	0.00612634	0	0.122323	0.293815	16.4695	3		13.4618	11.8666	26.2128	0	53.7794	7.71112	
2022-12-05 15:32:07	86	720	2	72.5	0	0	32.5	0	0	50	0	0	45	0	0	50	0	6.387		41.4653	492.211	0.000875253	0	0.0211081	0.0435452	4.28684	3		13.4618	11.8578	26.2128	0	53.7794	7.71112	
2022-12-05 15:35:53	106	721	11	5	0	0	27.5	0	0	12.5	0	0	15	0	0	15	0	3.737		22.6819	486.057	0.00678894	0	0.299311	0.289787	40.2992	6		13.4618	11.9907	26.2128	0	53.7794	7.71112	
2022-12-05 15:20:26	29	722	11	35	0	0	75	0	0	57.5	0	0	62.5	0	0	57.5	0	6.387		33.0217	485.666	0.000508821	0	0.0154087	0.146356	3.12935	3		13.4618	11.583	26.6027	0	53.7794	7.71112	
2022-12-05 15:32:07	86	723	5	72.5	0	0	32.5	0	0	45	0	0	40	0	0	47.5	0	3.919		41.4653	492.211	0.00459274	0	0.110761	0.549064	11.8099	3		13.4618	11.8578	26.2128	0	53.7794	7.71112	
2022-12-05 15:32:17	87	724	5	67.5	0	0	27.5	0	0	40	0	0	35	0	0	42.5	0	3.919		32.2297	486.159	0.00446718	0	0.138605	0.596737	14.7788	3		13.4618	11.9021	26.0829	0	53.7794	7.71112	
2022-12-05 15:32:26	88	725	12	62.5	0	0	22.5	0	0	60	0	0	55	0	0	50	0	1.511		40.1308	491.033	0.5985	0	14.9137	0.0179126	346.072	3		13.4618	11.9375	26.2128	0	53.7794	7.71112	
2022-12-05 15:32:26	88	726	11	62.5	0	0	22.5	0	0	50	0	0	45	0	0	45	0	6.387		40.1308	491.033	0.000698347	0	0.0174018	0.0721457	3.53413	3		13.4618	11.9375	26.2128	0	53.7794	7.71112	
2022-12-05 15:32:26	88	727	6	62.5	0	0	22.5	0	0	45	0	0	40	0	0	42.5	0	7.561		40.1308	491.033	0.000725918	0	0.0180888	0.0160477	4.47518	3		13.4618	11.9375	26.2128	0	53.7794	7.71112	
2022-12-05 15:32:26	88	728	2	62.5	0	0	22.5	0	0	40	0	0	35	0	0	40	0	6.387		40.1308	491.033	0.00122481	0	0.0305206	0.147529	6.19842	3		13.4618	11.9375	26.2128	0	53.7794	7.71112	
2022-12-05 15:27:28	60	729	12	127.5	0	0	42.5	0	0	120	0	0	110	0	0	100	0	4.212		60.1991	489.831	0.00107118	0	0.0177939	0.171582	1.43149	3		13.4618	12.2743	26.0829	0	53.7794	7.71112	
2022-12-05 15:32:26	88	730	5	62.5	0	0	22.5	0	0	35	0	0	30	0	0	37.5	0	3.919		40.1308	491.033	0.00625591	0	0.155888	0.419043	16.6216	3		13.4618	11.9375	26.2128	0	53.7794	7.71112	
2022-12-05 15:32:26	88	731	1	62.5	0	0	22.5	0	0	30	0	0	25	0	0	35	0	1.511		40.1308	491.033	1.26864	0	31.6126	0.0154348	733.568	3		13.4618	11.9375	26.2128	0	53.7794	7.71112	
2022-12-05 15:34:32	100	732	6	2.5	0	0	25	0	0	12.5	0	0	15	0	0	13.75	0	4.266		41.343	490.627	0.00552859	0	0.133725	0.0656931	21.0055	6		13.4618	11.7514	26.2128	0	53.7794	7.71112	
2022-12-05 15:32:36	89	733	7	57.5	0	0	17.5	0	0	50	0	0	45	0	0	42.5	0	3.919		42.5529	490.603	0.00192339	0	0.0452	0.02589	4.81946	3		13.4618	11.8932	26.2128	0	53.7794	7.71112	
2022-12-05 15:36:47	109	734	6	72.5	0	0	95	0	0	82.5	0	0	85	0	0	83.75	0	4.266		50.1381	496.695	0.000643763	0	0.0128398	0.259326	2.01687	3		13.4618	12.0616	26.2128	0	53.7794	7.71112	
2022-12-05 15:34:59	102	735	1	47.5	0	0	70	0	0	50	0	0	52.5	0	0	55	0	1.339		35.6569	493.979	0.89884	0	25.208	0.0116619	764.625	3		13.4618	12.0616	26.2128	0	53.7794	7.71112	
2022-12-05 15:32:46	90	736	7	52.5	0	0	12.5	0	0	45	0	0	40	0	0	37.5	0	3.919		31.2113	492.487	0.00213847	0	0.0685158	0.00461328	7.30552	3		13.4618	11.8844	26.2128	0	53.7794	7.71112	
2022-12-05 15:32:46	90	737	11	52.5	0	0	12.5	0	0	40	0	0	35	0	0	35	0	6.387		31.2113	492.487	0.000733597	0	0.0235042	0.0674369	4.77347	3		13.4618	11.8844	26.2128	0	53.7794	7.71112	
2022-12-05 15:31:34	83	738	12	87.5	0	0	47.5	0	0	85	0	0	80	0	0	75	0	1.511		42.6667	493.311	0.0891043	0	2.08838	0.0924797	48.4607	3		13.4618	11.9021	26.2128	0	53.7794	7.71112	
2022-12-05 15:32:46	90	739	6	52.5	0	0	12.5	0	0	35	0	0	30	0	0	32.5	0	7.561		31.2113	492.487	0.000762333	0	0.0244249	0.0677598	6.04273	3		13.4618	11.8844	26.2128	0	53.7794	7.71112	
2022-12-05 15:32:46	90	740	2	52.5	0	0	12.5	0	0	30	0	0	25	0	0	30	0	6.387		31.2113	492.487	0.00115257	0	0.036928	0.0509475	7.4997	3		13.4618	11.8844	26.2128	0	53.7794	7.71112	
2022-12-05 15:42:41	137	741	2	40	0	0	62.5	0	0	52.5	0	0	55	0	0	52.5	0	3.737		31.3238	495.768	0.00096909	0	0.0309379	0.20633	4.16547	3		13.4618	11.8223	26.6027	0	53.7795	7.71113	
2022-12-05 15:32:46	90	742	5	52.5	0	0	12.5	0	0	25	0	0	20	0	0	27.5	0	3.919		31.2113	492.487	0.0128305	0	0.411086	0.490413	43.8322	3		13.4618	11.8844	26.2128	0	53.7794	7.71112	
2022-12-05 15:32:55	91	743	12	47.5	0	0	7.5	0	0	45	0	0	40	0	0	35	0	1.511		36.0809	492.291	0.639386	0	17.7209	0.0154356	411.213	3		13.4618	11.9287	26.2128	0	53.7794	7.71112	
2022-12-05 15:29:07	70	744	7	152.5	0	0	112.5	0	0	145	0	0	140	0	0	137.5	0	3.919		442.098	266.841	0.00575164	0	0.0130099	0.0256801	1.38718	3		13.453	11.583	26.0829	0	53.7794	7.71112	
2022-12-05 15:32:55	91	745	7	47.5	0	0	7.5	0	0	40	0	0	35	0	0	32.5	0	3.919		36.0809	492.291	0.00313115	0	0.0867814	0.0455702	9.25309	3		13.4618	11.9287	26.2128	0	53.7794	7.71112	
2022-12-05 15:33:05	92	746	11	42.5	0	0	2.5	0	0	30	0	0	25	0	0	25	0	6.387		42.551	490.626	0.00112784	0	0.0265056	0.0341461	5.38303	3		13.4618	11.9021	26.0829	0	53.7794	7.71112	
2022-12-05 15:34:03	97	747	2	90	0	0	112.5	0	0	102.5	0	0	105	0	0	102.5	0	3.737		111.522	496.027	0.00123647	0	0.0110872	0.224404	1.49278	3		13.4618	11.8223	26.0829	0	53.7794	7.71112	
2022-12-05 15:29:07	70	748	11	152.5	0	0	112.5	0	0	140	0	0	135	0	0	135	0	6.387		442.098	266.841	0.00319463	0	0.00722607	0.0238863	1.46754	3		13.453	11.583	26.0829	0	53.7794	7.71112	
2022-12-05 15:32:55	91	749	11	47.5	0	0	7.5	0	0	35	0	0	30	0	0	30	0	6.387		36.0809	492.291	0.000941609	0	0.0260972	0.0690745	5.30008	3		13.4618	11.9287	26.2128	0	53.7794	7.71112	
2022-12-05 15:29:07	70	750	6	152.5	0	0	112.5	0	0	135	0	0	130	0	0	132.5	0	7.561		442.098	266.841	0.00283975	0	0.00642335	0.0312255	1.58914	3		13.453	11.583	26.0829	0	53.7794	7.71112	
2022-12-05 15:32:55	91	751	6	47.5	0	0	7.5	0	0	30	0	0	25	0	0	27.5	0	7.561		36.0809	492.291	0.000898116	0	0.0248917	0.0268871	6.15823	3		13.4618	11.9287	26.2128	0	53.7794	7.71112	
2022-12-05 15:32:55	91	752	5	47.5	0	0	7.5	0	0	20	0	0	15	0	0	22.5	0	3.919		36.0809	492.291	0.0126087	0	0.349456	0.296711	37.2608	3		13.4618	11.9287	26.2128	0	53.7794	7.71112	
2022-12-05 15:34:59	102	753	5	47.5	0	0	70	0	0	52.5	0	0	55	0	0	56.25	0	2.544		35.6569	493.979	0.0235082	0	0.659289	0.00565265	54.3695	3		13.4618	12.0616	26.2128	0	53.7794	7.71112	
2022-12-05 15:33:05	92	754	1	42.5	0	0	2.5	0	0	10	0	0	5	0	0	15	0	1.511		42.551	490.626	1.66109	0	39.0378	0.0175711	905.869	3		13.4618	11.9021	26.0829	0	53.7794	7.71112	
2022-12-05 15:33:15	93	755	12	0	0	0	22.5	0	0	2.5	0	0	5	0	0	7.5	0	1.339		43.7513	491.074	2.28761	0	52.2867	0.0847219	1585.99	3		13.4618	11.8666	26.0829	0	53.7794	7.71112	
2022-12-05 15:41:56	133	756	6	82.5	0	0	105	0	0	92.5	0	0	95	0	0	93.75	0	4.266		80.4632	487.837	0.000750903	0	0.00933225	0.975256	1.46591	4		13.4618	11.8666	26.4727	0	53.7795	7.71113	
2022-12-05 15:33:15	93	757	7	0	0	0	22.5	0	0	5	0	0	7.5	0	0	8.75	0	2.544		43.7513	491.074	0.168428	0	3.84968	0.0158169	317.471	3		13.4618	11.8666	26.0829	0	53.7794	7.71112	
2022-12-05 15:33:15	93	758	5	0	0	0	22.5	0	0	15	0	0	17.5	0	0	13.75	0	2.544		43.7513	491.074	0.103392	0	2.36318	0.0105411	194.884	3		13.4618	11.8666	26.0829	0	53.7794	7.71112	
2022-12-05 15:33:15	93	759	1	0	0	0	22.5	0	0	17.5	0	0	20	0	0	15	0	1.339		43.7513	491.074	1.7203	0	39.32	0.0171883	1192.68	3		13.4618	11.8666	26.0829	0	53.7794	7.71112	
2022-12-05 15:33:05	92	760	12	42.5	0	0	2.5	0	0	40	0	0	35	0	0	30	0	1.511		42.551	490.626	1.02926	0	24.1888	0.0229108	561.299	3		13.4618	11.9021	26.0829	0	53.7794	7.71112	
2022-12-05 15:40:58	128	761	6	102.5	0	0	125	0	0	112.5	0	0	115	0	0	113.75	0	4.266		91.0514	495.302	0.000828425	0	0.00909843	0.208655	1.42918	3		13.4618	11.8046	26.4727	0	53.7795	7.71113	
2022-12-05 15:28:28	66	762	12	97.5	0	0	12.5	0	0	90	0	0	80	0	0	70	0	4.212		35.2447	492.65	0.000837958	0	0.0237754	0.0578659	1.91269	3		13.4618	12.0084	26.0829	0	53.7794	7.71112	
2022-12-05 15:33:24	94	763	7	22.5	0	0	45	0	0	37.5	0	0	40	0	0	36.25	0	2.544		50.0833	494.293	0.0423271	0	0.845135	0.035079	69.6956	3		13.4618	11.8666	26.2128	0	53.7794	7.71112	
2022-12-05 15:38:19	116	764	5	97.5	0	0	120	0	0	102.5	0	0	105	0	0	106.25	0	2.544		95.2266	496.112	0.00193872	0	0.020359	0.0762295	1.67894	3		13.4618	11.7957	26.3428	0	53.7794	7.71112	
2022-12-05 15:33:24	94	765	12	22.5	0	0	45	0	0	40	0	0	42.5	0	0	37.5	0	1.339		50.0833	494.293	0.994786	0	19.8626	0.070137	602.486	3		13.4618	11.8666	26.2128	0	53.7794	7.71112	
2022-12-05 15:31:44	84	766	1	82.5	0	0	42.5	0	0	50	0	0	45	0	0	55	0	1.511		36.7411	490.218	0.755182	0	20.5542	0.0192796	476.958	4		13.4618	12.1591	26.0829	0	53.7794	7.71112	
2022-12-05 15:38:19	116	767	2	97.5	0	0	120	0	0	105	0	0	107.5	0	0	107.5	0	3.737		95.2266	496.112	0.00099022	0	0.0103986	0.0766685	1.40006	3		13.4618	11.7957	26.3428	0	53.7794	7.71112	
2022-12-05 15:40:40	127	768	2	80	0	0	102.5	0	0	92.5	0	0	95	0	0	92.5	0	3.737		48.4475	492.518	0.000741208	0	0.0152992	0.595198	2.05988	6		13.4618	11.8489	26.4727	0	53.7795	7.71113	
2022-12-05 15:33:36	95	769	12	45	0	0	67.5	0	0	47.5	0	0	50	0	0	52.5	0	1.339		40.8553	492.653	0.698738	0	17.1028	0.0148769	518.771	3		13.4618	11.8223	26.2128	0	53.7794	7.71112	
2022-12-05 15:33:36	95	770	7	45	0	0	67.5	0	0	50	0	0	52.5	0	0	53.75	0	2.544		40.8553	492.653	0.0269982	0	0.660824	0.0194993	54.4961	3		13.4618	11.8223	26.2128	0	53.7794	7.71112	
2022-12-05 15:34:50	101	771	2	25	0	0	47.5	0	0	37.5	0	0	40	0	0	37.5	0	3.737		32.8218	494.676	0.00214124	0	0.0652383	0.171388	8.78366	3		13.4618	11.8312	26.2128	0	53.7794	7.71112	
2022-12-05 15:33:36	95	772	5	45	0	0	67.5	0	0	60	0	0	62.5	0	0	58.75	0	2.544		40.8553	492.653	0.00595737	0	0.145816	0.476466	12.025	3		13.4618	11.8223	26.2128	0	53.7794	7.71112	
2022-12-05 15:40:31	126	773	1	57.5	0	0	80	0	0	60	0	0	62.5	0	0	65	0	1.339		39.6366	491.074	0.504779	0	12.7352	0.0178324	386.291	3		13.4618	11.8932	26.4727	0	53.7795	7.71113	
2022-12-05 15:33:36	95	774	1	45	0	0	67.5	0	0	62.5	0	0	65	0	0	60	0	1.339		40.8553	492.653	0.49583	0	12.1362	0.0125447	368.124	3		13.4618	11.8223	26.2128	0	53.7794	7.71112	
2022-12-05 15:40:31	126	775	5	57.5	0	0	80	0	0	62.5	0	0	65	0	0	66.25	0	2.544		39.6366	491.074	0.010033	0	0.253125	0.00737964	20.8744	3		13.4618	11.8932	26.4727	0	53.7795	7.71113	
2022-12-05 15:40:31	126	776	12	57.5	0	0	80	0	0	75	0	0	77.5	0	0	72.5	0	1.339		39.6366	491.074	0.0992416	0	2.50379	0.0262939	75.9465	3		13.4618	11.8932	26.4727	0	53.7795	7.71113	
2022-12-05 15:33:46	96	777	1	67.5	0	0	90	0	0	70	0	0	72.5	0	0	75	0	1.339		47.9027	495.434	0.470979	0	9.83199	0.0172346	298.23	6		13.4618	11.8578	26.2128	0	53.7794	7.71112	
2022-12-05 15:33:46	96	778	7	67.5	0	0	90	0	0	82.5	0	0	85	0	0	81.25	0	2.544		47.9027	495.434	0.0013635	0	0.0284639	0.824854	2.34733	6		13.4618	11.8578	26.2128	0	53.7794	7.71112	
2022-12-05 15:40:40	127	779	12	80	0	0	102.5	0	0	82.5	0	0	85	0	0	87.5	0	1.339		48.4475	492.518	0.388131	0	8.01136	0.107455	243.006	6		13.4618	11.8489	26.4727	0	53.7795	7.71113	
2022-12-05 15:33:46	96	780	6	67.5	0	0	90	0	0	77.5	0	0	80	0	0	78.75	0	4.266		47.9027	495.434	0.00046404	0	0.00968713	0.918492	1.52165	6		13.4618	11.8578	26.2128	0	53.7794	7.71112	
2022-12-05 15:33:46	96	781	12	67.5	0	0	90	0	0	85	0	0	87.5	0	0	82.5	0	1.339		47.9027	495.434	0.0246673	0	0.514945	0.0855689	15.6196	6		13.4618	11.8578	26.2128	0	53.7794	7.71112	
2022-12-05 15:40:40	127	782	7	80	0	0	102.5	0	0	85	0	0	87.5	0	0	88.75	0	2.544		48.4475	492.518	0.00375026	0	0.0774088	10.0982	6.38366	6		13.4618	11.8489	26.4727	0	53.7795	7.71113	
2022-12-05 15:21:27	35	783	10	65	0	0	105	0	0	97.5	0	0	102.5	0	0	92.5	0	1.511		51.8328	496.924	0.00792292	0	0.152855	0.00745753	3.547	3		13.4618	11.5476	26.4727	0	53.7794	7.71112	
2022-12-05 15:34:03	97	784	12	90	0	0	112.5	0	0	92.5	0	0	95	0	0	97.5	0	1.339		111.522	496.027	0.0628845	0	0.563874	0.19969	17.1038	3		13.4618	11.8223	26.0829	0	53.7794	7.71112	
2022-12-05 15:34:03	97	785	5	90	0	0	112.5	0	0	105	0	0	107.5	0	0	103.75	0	2.544		111.522	496.027	0.00186271	0	0.0167026	0.101737	1.37741	3		13.4618	11.8223	26.0829	0	53.7794	7.71112	
2022-12-05 15:40:58	128	786	1	102.5	0	0	125	0	0	105	0	0	107.5	0	0	110	0	1.339		91.0514	495.302	0.0126646	0	0.139092	0.022854	4.21904	3		13.4618	11.8046	26.4727	0	53.7795	7.71113	
2022-12-05 15:19:53	27	787	6	25	0	0	65	0	0	42.5	0	0	47.5	0	0	45	0	7.561		28.6879	489.415	0.000504529	0	0.0175868	0.108323	4.35099	6		13.4707	11.9641	26.7326	0	53.7794	7.71112	
2022-12-05 15:15:36	4	788	9	15	0	0	145	0	0	102.5	0	0	117.5	0	0	95	0	14.099		63.5275	490.251	0.000293573	0	0.00462119	1.12742	2.00155	3		13.4618	11.3881	28.8117	0	53.7794	7.71112	
2022-12-05 15:34:03	97	789	11	90	0	0	112.5	0	0	97.5	0	0	100	0	0	100	0	3.737		111.522	496.027	0.00143659	0	0.0128817	0.226478	1.73438	3		13.4618	11.8223	26.0829	0	53.7794	7.71112	
2022-12-05 15:34:03	97	790	6	90	0	0	112.5	0	0	100	0	0	102.5	0	0	101.25	0	4.266		111.522	496.027	0.00114949	0	0.0103073	0.298245	1.61907	3		13.4618	11.8223	26.0829	0	53.7794	7.71112	
2022-12-05 15:19:53	27	791	1	25	0	0	65	0	0	27.5	0	0	32.5	0	0	37.5	0	1.511		28.6879	489.415	0.735297	0	25.6309	0.023451	594.764	6		13.4707	11.9641	26.7326	0	53.7794	7.71112	
2022-12-05 15:34:13	98	792	1	112.5	0	0	135	0	0	115	0	0	117.5	0	0	120	0	1.339		440.131	267.058	0.0242458	0	0.0550877	0.0472901	1.67095	3		13.4618	11.5121	26.2128	0	53.7794	7.71112	
2022-12-05 15:34:13	98	793	7	112.5	0	0	135	0	0	127.5	0	0	130	0	0	126.25	0	2.544		440.131	267.058	0.00686182	0	0.0155904	0.0276469	1.28569	3		13.4618	11.5121	26.2128	0	53.7794	7.71112	
2022-12-05 15:20:58	32	794	6	50	0	0	90	0	0	67.5	0	0	72.5	0	0	70	0	7.561		47.6239	491.01	0.000500609	0	0.0105117	0.207427	2.6006	3		13.4618	11.4678	26.3428	0	53.7794	7.71112	
2022-12-05 15:31:34	83	795	7	87.5	0	0	47.5	0	0	80	0	0	75	0	0	72.5	0	3.919		42.6667	493.311	0.000921361	0	0.0215944	0.0804312	2.30251	3		13.4618	11.9021	26.2128	0	53.7794	7.71112	
2022-12-05 15:35:37	105	796	11	115	0	0	137.5	0	0	122.5	0	0	125	0	0	125	0	3.737		139.491	498.891	0.00133852	0	0.00959569	0.191043	1.29196	5		13.4618	12.035	25.9529	0	53.7794	7.71112	
2022-12-05 15:38:56	119	797	2	32.5	0	0	55	0	0	40	0	0	42.5	0	0	42.5	0	3.737		35.3603	494.428	0.00308898	0	0.0873572	0.417286	11.7617	6		13.4618	11.8489	26.3428	0	53.7794	7.71112	
2022-12-05 15:19:53	27	798	5	25	0	0	65	0	0	32.5	0	0	37.5	0	0	40	0	3.919		28.6879	489.415	0.00393888	0	0.137301	0.0276176	14.6398	6		13.4707	11.9641	26.7326	0	53.7794	7.71112	
2022-12-05 15:34:13	98	799	2	112.5	0	0	135	0	0	120	0	0	122.5	0	0	122.5	0	3.737		440.131	267.058	0.00444721	0	0.0101043	0.0369189	1.36044	3		13.4618	11.5121	26.2128	0	53.7794	7.71112	
2022-12-05 15:32:55	91	800	1	47.5	0	0	7.5	0	0	15	0	0	10	0	0	20	0	1.511		36.0809	492.291	1.6837	0	46.6645	0.0345249	1082.85	3		13.4618	11.9287	26.2128	0	53.7794	7.71112	
2022-12-05 15:38:56	119	801	11	32.5	0	0	55	0	0	45	0	0	47.5	0	0	45	0	3.737		35.3603	494.428	0.00168682	0	0.0477037	0.600035	6.42281	6		13.4618	11.8489	26.3428	0	53.7794	7.71112	
2022-12-05 15:34:13	98	802	6	112.5	0	0	135	0	0	122.5	0	0	125	0	0	123.75	0	4.266		440.131	267.058	0.00388897	0	0.00883595	0.0430219	1.38795	3		13.4618	11.5121	26.2128	0	53.7794	7.71112	
2022-12-05 15:37:34	113	803	6	30	0	0	52.5	0	0	40	0	0	42.5	0	0	41.25	0	4.266		31.1395	491.42	0.000823826	0	0.026456	1.46078	4.1557	6		13.4618	11.8844	26.3428	0	53.7794	7.71112	
2022-12-05 15:44:28	146	804	1	110	0	0	132.5	0	0	127.5	0	0	130	0	0	125	0	1.339		239.298	322.013	0.0100235	0	0.0418871	0.00668071	1.27054	3		13.4707	12.0084	26.7326	0	53.7795	7.71113	
2022-12-05 15:44:28	146	805	7	110	0	0	132.5	0	0	115	0	0	117.5	0	0	118.75	0	2.544		239.298	322.013	0.00437891	0	0.018299	0.0852055	1.50906	3		13.4707	12.0084	26.7326	0	53.7795	7.71113	
2022-12-05 15:38:19	116	806	12	97.5	0	0	120	0	0	115	0	0	117.5	0	0	112.5	0	1.339		95.2266	496.112	0.00493064	0	0.051778	0.0296712	1.57056	3		13.4618	11.7957	26.3428	0	53.7794	7.71112	
2022-12-05 15:34:13	98	807	11	112.5	0	0	135	0	0	125	0	0	127.5	0	0	125	0	3.737		440.131	267.058	0.00479901	0	0.0109036	0.0188037	1.46806	3		13.4618	11.5121	26.2128	0	53.7794	7.71112	
2022-12-05 15:18:36	21	808	12	70	0	0	155	0	0	137.5	0	0	147.5	0	0	127.5	0	4.212		70.3472	488.94	0.00129657	0	0.018431	0.0836623	1.48275	3		13.4618	11.9464	27.1224	0	53.7794	7.71112	
2022-12-05 15:38:56	119	809	5	32.5	0	0	55	0	0	37.5	0	0	40	0	0	41.25	0	2.544		35.3603	494.428	0.0393877	0	1.1139	0.0212162	91.8595	6		13.4618	11.8489	26.3428	0	53.7794	7.71112	
2022-12-05 15:38:56	119	810	12	32.5	0	0	55	0	0	50	0	0	52.5	0	0	47.5	0	1.339		35.3603	494.428	0.505385	0	14.2924	0.0720665	433.527	6		13.4618	11.8489	26.3428	0	53.7794	7.71112	
2022-12-05 15:34:23	99	811	12	135	0	0	157.5	0	0	137.5	0	0	140	0	0	142.5	0	1.339		497.705	48.3037	0.0236881	0	0.0475946	0.0106875	1.44367	3		13.4441	10.6968	26.2128	0	53.7794	7.71112	
2022-12-05 15:34:23	99	812	5	135	0	0	157.5	0	0	150	0	0	152.5	0	0	148.75	0	2.544		497.705	48.3037	0.00797085	0	0.0160152	0.0179275	1.32072	3		13.4441	10.6968	26.2128	0	53.7794	7.71112	
2022-12-05 15:39:53	123	813	7	122.5	0	0	145	0	0	137.5	0	0	140	0	0	136.25	0	2.544		497.725	132.023	0.00833129	0	0.0167387	0.0179411	1.38039	3		13.4618	11.6096	26.4727	0	53.7795	7.71113	
2022-12-05 15:34:23	99	814	6	135	0	0	157.5	0	0	145	0	0	147.5	0	0	146.25	0	4.266		497.705	48.3037	0.00439057	0	0.00882162	0.0478873	1.3857	3		13.4441	10.6968	26.2128	0	53.7794	7.71112	
2022-12-05 15:15:45	5	815	10	20	0	0	150	0	0	122.5	0	0	137.5	0	0	107.5	0	6.896		89.3983	498.715	0.000891655	0	0.00997396	1.49362	1.39629	6		13.4618	11.8135	28.6818	0	53.7794	7.71112	
2022-12-05 15:39:14	120	816	5	55	0	0	77.5	0	0	70	0	0	72.5	0	0	68.75	0	2.544		55.0074	491.324	0.00375717	0	0.068303	0.0387939	5.63273	5		13.453	11.8666	26.3428	0	53.7794	7.71112	
2022-12-05 15:34:32	100	817	5	2.5	0	0	25	0	0	7.5	0	0	10	0	0	11.25	0	2.544		41.343	490.627	0.0799775	0	1.93449	0.0209863	159.531	6		13.4618	11.7514	26.2128	0	53.7794	7.71112	
2022-12-05 15:43:08	139	818	1	85	0	0	107.5	0	0	102.5	0	0	105	0	0	100	0	1.339		95.1664	495.154	0.00573218	0	0.0602333	0.130341	1.82703	3		13.4618	11.8312	26.6027	0	53.7795	7.71113	
2022-12-05 15:43:08	139	819	7	85	0	0	107.5	0	0	90	0	0	92.5	0	0	93.75	0	2.544		95.1664	495.154	0.0026624	0	0.0279763	0.211057	2.30712	3		13.4618	11.8312	26.6027	0	53.7795	7.71113	
2022-12-05 15:36:47	109	820	12	72.5	0	0	95	0	0	90	0	0	92.5	0	0	87.5	0	1.339		50.1381	496.695	0.0485512	0	0.968349	0.0546796	29.3726	3		13.4618	12.0616	26.2128	0	53.7794	7.71112	
2022-12-05 15:34:32	100	821	2	2.5	0	0	25	0	0	10	0	0	12.5	0	0	12.5	0	3.737		41.343	490.627	0.0145247	0	0.351321	0.0103098	47.3018	6		13.4618	11.7514	26.2128	0	53.7794	7.71112	
2022-12-05 15:19:13	24	822	1	10	0	0	50	0	0	12.5	0	0	17.5	0	0	22.5	0	1.511		38.4493	488.632	1.20435	0	31.3231	0.0196589	726.851	3		13.4618	11.6185	26.9925	0	53.7794	7.71112	
2022-12-05 15:34:32	100	823	7	2.5	0	0	25	0	0	17.5	0	0	20	0	0	16.25	0	2.544		41.343	490.627	0.0862271	0	2.08565	0.170418	171.997	6		13.4618	11.7514	26.2128	0	53.7794	7.71112	
2022-12-05 15:34:32	100	824	12	2.5	0	0	25	0	0	20	0	0	22.5	0	0	17.5	0	1.339		41.343	490.627	1.22441	0	29.6159	0.0103763	898.328	6		13.4618	11.7514	26.2128	0	53.7794	7.71112	
2022-12-05 15:34:59	102	825	6	47.5	0	0	70	0	0	57.5	0	0	60	0	0	58.75	0	4.266		35.6569	493.979	0.000977209	0	0.0274059	0.93365	4.3049	3		13.4618	12.0616	26.2128	0	53.7794	7.71112	
2022-12-05 15:35:09	103	826	1	70	0	0	92.5	0	0	75	0	0	77.5	0	0	78.75	0	2.544		47.9628	493.871	0.0107607	0	0.224354	0.0948964	18.5018	6		13.4618	11.8666	26.2128	0	53.7794	7.71112	
2022-12-05 15:19:39	26	827	2	20	0	0	60	0	0	32.5	0	0	37.5	0	0	37.5	0	6.387		34.6034	489.251	0.00116802	0	0.0337545	0.0674477	6.8552	4		13.4618	11.5564	26.8626	0	53.7794	7.71112	
2022-12-05 15:34:32	100	828	11	2.5	0	0	25	0	0	15	0	0	17.5	0	0	15	0	3.737		41.343	490.627	0.00798623	0	0.19317	1.65929	26.0084	6		13.4618	11.7514	26.2128	0	53.7794	7.71112	
2022-12-05 15:36:29	108	829	2	50	0	0	72.5	0	0	62.5	0	0	65	0	0	62.5	0	3.737		43.1489	491.699	0.00112466	0	0.0260646	0.653574	3.50933	6		13.4618	11.8844	26.3428	0	53.7794	7.71112	
2022-12-05 15:27:18	59	830	2	132.5	0	0	47.5	0	0	85	0	0	75	0	0	85	0	13.864		69.3355	494.087	0.000546866	0	0.00788725	0.0916836	3.70983	3		13.4618	11.9198	26.2128	0	53.7794	7.71112	
2022-12-05 15:35:09	103	831	10	70	0	0	92.5	0	0	85	0	0	87.5	0	0	83.75	0	2.544		47.9628	493.871	0.00119725	0	0.024962	0.273653	2.05854	6		13.4618	11.8666	26.2128	0	53.7794	7.71112	
2022-12-05 15:41:56	133	832	1	82.5	0	0	105	0	0	85	0	0	87.5	0	0	90	0	1.339		80.4632	487.837	0.140423	0	1.74518	0.0273758	52.9359	4		13.4618	11.8666	26.4727	0	53.7795	7.71113	
2022-12-05 15:35:09	103	833	9	70	0	0	92.5	0	0	87.5	0	0	90	0	0	85	0	1.339		47.9628	493.871	0.0269777	0	0.562471	0.0323057	17.0612	6		13.4618	11.8666	26.2128	0	53.7794	7.71112	
2022-12-05 15:41:56	133	834	5	82.5	0	0	105	0	0	87.5	0	0	90	0	0	91.25	0	2.544		80.4632	487.837	0.00218524	0	0.0271583	1.31695	2.23966	4		13.4618	11.8666	26.4727	0	53.7795	7.71113	
2022-12-05 15:41:56	133	835	12	82.5	0	0	105	0	0	100	0	0	102.5	0	0	97.5	0	1.339		80.4632	487.837	0.0113825	0	0.141463	0.0630966	4.29093	4		13.4618	11.8666	26.4727	0	53.7795	7.71113	
2022-12-05 15:35:27	104	836	1	92.5	0	0	115	0	0	95	0	0	97.5	0	0	100	0	1.339		71.5104	496.912	0.0686299	0	0.959718	0.0058443	29.1108	3		13.4618	11.8046	26.2128	0	53.7794	7.71112	
2022-12-05 15:35:27	104	837	7	92.5	0	0	115	0	0	107.5	0	0	110	0	0	106.25	0	2.544		71.5104	496.912	0.00139899	0	0.0195634	0.0917919	1.61333	3		13.4618	11.8046	26.2128	0	53.7794	7.71112	
2022-12-05 15:42:10	134	838	12	105	0	0	127.5	0	0	107.5	0	0	110	0	0	112.5	0	1.339		377.203	314.168	0.0238411	0	0.0632049	0.0193669	1.91717	3		13.4618	12.035	26.6027	0	53.7795	7.71113	
2022-12-05 15:35:27	104	839	6	92.5	0	0	115	0	0	102.5	0	0	105	0	0	103.75	0	4.266		71.5104	496.912	0.00073625	0	0.0102957	0.0318586	1.61725	3		13.4618	11.8046	26.2128	0	53.7794	7.71112	
2022-12-05 15:31:57	85	840	5	77.5	0	0	37.5	0	0	50	0	0	45	0	0	52.5	0	3.919		53.9804	491.752	0.00462454	0	0.0856707	0.334275	9.13466	3		13.4618	12.0793	26.2128	0	53.7794	7.71112	
2022-12-05 15:35:27	104	841	11	92.5	0	0	115	0	0	105	0	0	107.5	0	0	105	0	3.737		71.5104	496.912	0.000736094	0	0.0102935	0.120404	1.38592	3		13.4618	11.8046	26.2128	0	53.7794	7.71112	
2022-12-05 15:29:37	73	842	1	137.5	0	0	97.5	0	0	105	0	0	100	0	0	110	0	1.511		100.39	499.403	0.0986693	0	0.982856	0.0529561	22.8071	3		13.4618	12.2034	26.0829	0	53.7794	7.71112	
2022-12-05 15:40:13	125	843	11	35	0	0	57.5	0	0	42.5	0	0	45	0	0	45	0	3.737		30.176	490.114	0.00260902	0	0.0864604	0.298749	11.641	6		13.4618	11.8844	26.4727	0	53.7795	7.71113	
2022-12-05 15:22:16	40	844	12	90	0	0	130	0	0	122.5	0	0	127.5	0	0	117.5	0	1.511		124.162	495.367	0.00815169	0	0.0656536	0.0249967	1.52349	3		13.4618	11.8932	26.3428	0	53.7794	7.71112	
2022-12-05 15:35:37	105	845	12	115	0	0	137.5	0	0	117.5	0	0	120	0	0	122.5	0	1.339		139.491	498.891	0.00773971	0	0.0554852	0.0508194	1.68301	5		13.4618	12.035	25.9529	0	53.7794	7.71112	
2022-12-05 15:35:37	105	846	5	115	0	0	137.5	0	0	130	0	0	132.5	0	0	128.75	0	2.544		139.491	498.891	0.0024517	0	0.017576	0.0267476	1.44944	5		13.4618	12.035	25.9529	0	53.7794	7.71112	
2022-12-05 15:42:20	135	847	1	127.5	0	0	150	0	0	130	0	0	132.5	0	0	135	0	1.339		497.826	132.423	0.0259834	0	0.0521938	0.0141648	1.58317	3		13.4441	10.7234	26.6027	0	53.7795	7.71113	
2022-12-05 15:35:37	105	848	7	115	0	0	137.5	0	0	120	0	0	122.5	0	0	123.75	0	2.544		139.491	498.891	0.00231119	0	0.0165687	0.0933999	1.36637	5		13.4618	12.035	25.9529	0	53.7794	7.71112	
2022-12-05 15:35:37	105	849	1	115	0	0	137.5	0	0	132.5	0	0	135	0	0	130	0	1.339		139.491	498.891	0.00662878	0	0.0475211	0.113832	1.44144	5		13.4618	12.035	25.9529	0	53.7794	7.71112	
2022-12-05 15:42:20	135	850	5	127.5	0	0	150	0	0	132.5	0	0	135	0	0	136.25	0	2.544		497.826	132.423	0.00828428	0	0.0166409	0.0169218	1.37232	3		13.4441	10.7234	26.6027	0	53.7795	7.71113	
2022-12-05 15:35:37	105	851	6	115	0	0	137.5	0	0	125	0	0	127.5	0	0	126.25	0	4.266		139.491	498.891	0.00138076	0	0.00989856	0.230305	1.55486	5		13.4618	12.035	25.9529	0	53.7794	7.71112	
2022-12-05 15:40:13	125	852	12	35	0	0	57.5	0	0	37.5	0	0	40	0	0	42.5	0	1.339		30.176	490.114	0.730433	0	24.2058	0.0471932	734.225	6		13.4618	11.8844	26.4727	0	53.7795	7.71113	
2022-12-05 15:40:13	125	853	5	35	0	0	57.5	0	0	50	0	0	52.5	0	0	48.75	0	2.544		30.176	490.114	0.00676246	0	0.224101	0.150244	18.4809	6		13.4618	11.8844	26.4727	0	53.7795	7.71113	
2022-12-05 15:35:37	105	854	2	115	0	0	137.5	0	0	127.5	0	0	130	0	0	127.5	0	3.737		139.491	498.891	0.00134363	0	0.00963238	0.918793	1.2969	5		13.4618	12.035	25.9529	0	53.7794	7.71112	
2022-12-05 15:35:53	106	855	12	5	0	0	27.5	0	0	7.5	0	0	10	0	0	12.5	0	1.339		22.6819	486.057	0.581618	0	25.6424	0.0411759	777.801	6		13.4618	11.9907	26.2128	0	53.7794	7.71112	
2022-12-05 15:35:53	106	856	7	5	0	0	27.5	0	0	10	0	0	12.5	0	0	13.75	0	2.544		22.6819	486.057	0.0467908	0	2.06291	0.0136632	170.122	6		13.4618	11.9907	26.2128	0	53.7794	7.71112	
2022-12-05 15:35:53	106	857	6	5	0	0	27.5	0	0	15	0	0	17.5	0	0	16.25	0	4.266		22.6819	486.057	0.00272898	0	0.120315	1.34075	18.8991	6		13.4618	11.9907	26.2128	0	53.7794	7.71112	
2022-12-05 15:35:53	106	858	1	5	0	0	27.5	0	0	22.5	0	0	25	0	0	20	0	1.339		22.6819	486.057	0.557892	0	24.5964	0.0450961	746.073	6		13.4618	11.9907	26.2128	0	53.7794	7.71112	
2022-12-05 15:36:11	107	859	2	27.5	0	0	50	0	0	35	0	0	37.5	0	0	37.5	0	3.737		33.3684	491.465	0.00363459	0	0.108923	0.119508	14.6654	6		13.4618	12.0793	26.2128	0	53.7794	7.71112	
2022-12-05 15:43:18	140	860	1	107.5	0	0	130	0	0	110	0	0	112.5	0	0	115	0	1.339		239.296	355.059	0.0124073	0	0.0518492	0.0227796	1.57272	3		13.4618	11.583	26.6027	0	53.7795	7.71113	
2022-12-05 15:26:08	54	861	2	157.5	0	0	72.5	0	0	110	0	0	100	0	0	110	0	13.864		94.7603	493.219	0.000485616	0	0.00512468	1.34406	2.41044	6		13.4618	11.6539	26.4727	0	53.7794	7.71112	
2022-12-05 15:36:57	110	862	5	95	0	0	117.5	0	0	110	0	0	112.5	0	0	108.75	0	2.544		58.5671	497.673	0.000991331	0	0.0169264	0.311637	1.39587	3		13.4618	11.7957	26.3428	0	53.7794	7.71112	
2022-12-05 15:21:56	38	863	5	80	0	0	120	0	0	87.5	0	0	92.5	0	0	95	0	3.919		92.7704	489.229	0.00236851	0	0.0255309	0.0202908	2.72224	3		13.4618	11.9552	26.3428	0	53.7794	7.71112	
2022-12-05 15:36:11	107	864	6	27.5	0	0	50	0	0	37.5	0	0	40	0	0	38.75	0	4.266		33.3684	491.465	0.00106893	0	0.0320343	1.34958	5.03194	6		13.4618	12.0793	26.2128	0	53.7794	7.71112	
2022-12-05 15:21:56	38	865	11	80	0	0	120	0	0	102.5	0	0	107.5	0	0	102.5	0	6.387		92.7704	489.229	0.000687292	0	0.00740853	0.10963	1.5046	3		13.4618	11.9552	26.3428	0	53.7794	7.71112	
2022-12-05 15:36:11	107	866	11	27.5	0	0	50	0	0	40	0	0	42.5	0	0	40	0	3.737		33.3684	491.465	0.00193258	0	0.0579165	0.306621	7.79786	6		13.4618	12.0793	26.2128	0	53.7794	7.71112	
2022-12-05 15:21:56	38	867	2	80	0	0	120	0	0	92.5	0	0	97.5	0	0	97.5	0	6.387		92.7704	489.229	0.00084305	0	0.00908749	0.0583072	1.84558	3		13.4618	11.9552	26.3428	0	53.7794	7.71112	
2022-12-05 15:29:07	70	868	12	152.5	0	0	112.5	0	0	150	0	0	145	0	0	140	0	1.511		442.098	266.841	0.0274143	0	0.0620095	0.0264226	1.43893	3		13.453	11.583	26.0829	0	53.7794	7.71112	
2022-12-05 15:36:11	107	869	7	27.5	0	0	50	0	0	42.5	0	0	45	0	0	41.25	0	2.544		33.3684	491.465	0.0221649	0	0.66425	0.0942646	54.7786	6		13.4618	12.0793	26.2128	0	53.7794	7.71112	
2022-12-05 15:36:47	109	870	1	72.5	0	0	95	0	0	75	0	0	77.5	0	0	80	0	1.339		50.1381	496.695	0.546962	0	10.9091	0.00701219	330.902	3		13.4618	12.0616	26.2128	0	53.7794	7.71112	
2022-12-05 15:36:47	109	871	5	72.5	0	0	95	0	0	77.5	0	0	80	0	0	81.25	0	2.544		50.1381	496.695	0.00318079	0	0.0634406	0.13486	5.23174	3		13.4618	12.0616	26.2128	0	53.7794	7.71112	
2022-12-05 15:24:17	46	872	6	110	0	0	150	0	0	127.5	0	0	132.5	0	0	130	0	7.561		239.347	320.306	0.00151331	0	0.00632266	0.00811904	1.56423	3		13.4353	11.069	26.4727	0	53.7794	7.71112	
2022-12-05 15:29:17	71	873	1	147.5	0	0	107.5	0	0	115	0	0	110	0	0	120	0	1.511		239.313	349.659	0.0156602	0	0.0654382	0.00807952	1.51849	3		13.4441	10.9095	26.0829	0	53.7794	7.71112	
2022-12-05 15:28:28	66	874	1	97.5	0	0	12.5	0	0	30	0	0	20	0	0	40	0	4.212		35.2447	492.65	0.0146126	0	0.414603	0.642902	33.3541	3		13.4618	12.0084	26.0829	0	53.7794	7.71112	
2022-12-05 15:38:39	118	875	5	10	0	0	32.5	0	0	25	0	0	27.5	0	0	23.75	0	2.544		37.9457	491.048	0.0432254	0	1.13914	0.0795094	93.9412	6		13.4618	11.9198	26.3428	0	53.7794	7.71112	
2022-12-05 15:14:54	1	876	2	0	0	0	130	0	0	27.5	0	0	42.5	0	0	50	0	14.099		68.5673	492.843	0.00140594	0	0.0205045	0.697925	8.88096	3		13.4796	12.1148	29.3315	0	53.7794	7.71112	
2022-12-05 15:36:47	109	877	2	72.5	0	0	95	0	0	80	0	0	82.5	0	0	82.5	0	3.737		50.1381	496.695	0.00101512	0	0.0202464	0.350076	2.72597	3		13.4618	12.0616	26.2128	0	53.7794	7.71112	
2022-12-05 15:15:36	4	878	1	15	0	0	145	0	0	27.5	0	0	42.5	0	0	57.5	0	6.896		63.5275	490.251	0.00378183	0	0.0595306	0.192615	8.33393	3		13.4618	11.3881	28.8117	0	53.7794	7.71112	
2022-12-05 15:38:39	118	879	1	10	0	0	32.5	0	0	27.5	0	0	30	0	0	25	0	1.339		37.9457	491.048	1.01945	0	26.8661	0.0213207	814.918	6		13.4618	11.9198	26.3428	0	53.7794	7.71112	
2022-12-05 15:26:08	54	880	11	157.5	0	0	72.5	0	0	130	0	0	120	0	0	120	0	13.864		94.7603	493.219	0.000405481	0	0.00427901	0.122988	2.01267	6		13.4618	11.6539	26.4727	0	53.7794	7.71112	
2022-12-05 15:36:47	109	881	11	72.5	0	0	95	0	0	85	0	0	87.5	0	0	85	0	3.737		50.1381	496.695	0.000749901	0	0.0149567	0.123863	2.01377	3		13.4618	12.0616	26.2128	0	53.7794	7.71112	
2022-12-05 15:43:08	139	882	5	85	0	0	107.5	0	0	100	0	0	102.5	0	0	98.75	0	2.544		95.1664	495.154	0.00198108	0	0.020817	0.188214	1.71671	3		13.4618	11.8312	26.6027	0	53.7795	7.71113	
2022-12-05 15:43:08	139	883	12	85	0	0	107.5	0	0	87.5	0	0	90	0	0	92.5	0	1.339		95.1664	495.154	0.202862	0	2.13166	0.0355269	64.6587	3		13.4618	11.8312	26.6027	0	53.7795	7.71113	
2022-12-05 15:19:03	23	884	5	5	0	0	45	0	0	12.5	0	0	17.5	0	0	20	0	3.919		25.4365	489.142	0.0090991	0	0.357718	0.0154857	38.1418	3		13.4618	11.5653	27.1224	0	53.7794	7.71112	
2022-12-05 15:36:47	109	885	7	72.5	0	0	95	0	0	87.5	0	0	90	0	0	86.25	0	2.544		50.1381	496.695	0.00091187	0	0.0181872	0.126291	1.49984	3		13.4618	12.0616	26.2128	0	53.7794	7.71112	
2022-12-05 15:36:57	110	886	7	95	0	0	117.5	0	0	100	0	0	102.5	0	0	103.75	0	2.544		58.5671	497.673	0.00127947	0	0.0218462	0.274671	1.80158	3		13.4618	11.7957	26.3428	0	53.7794	7.71112	
2022-12-05 15:38:10	115	887	2	75	0	0	97.5	0	0	87.5	0	0	90	0	0	87.5	0	3.737		49.7209	497.05	0.000849273	0	0.0170808	0.34268	2.29975	3		13.4618	11.8312	26.3428	0	53.7794	7.71112	
2022-12-05 15:36:57	110	888	11	95	0	0	117.5	0	0	102.5	0	0	105	0	0	105	0	3.737		58.5671	497.673	0.000633237	0	0.0108122	0.467166	1.45575	3		13.4618	11.7957	26.3428	0	53.7794	7.71112	
2022-12-05 15:43:18	140	889	12	107.5	0	0	130	0	0	125	0	0	127.5	0	0	122.5	0	1.339		239.296	355.059	0.0125102	0	0.0522792	0.00287415	1.58576	3		13.4618	11.583	26.6027	0	53.7795	7.71113	
2022-12-05 15:43:18	140	890	5	107.5	0	0	130	0	0	112.5	0	0	115	0	0	116.25	0	2.544		239.296	355.059	0.00394351	0	0.0164796	0.0553595	1.35902	3		13.4618	11.583	26.6027	0	53.7795	7.71113	
2022-12-05 15:36:57	110	891	1	95	0	0	117.5	0	0	112.5	0	0	115	0	0	110	0	1.339		58.5671	497.673	0.00328617	0	0.0561095	0.0792142	1.70195	3		13.4618	11.7957	26.3428	0	53.7794	7.71112	
2022-12-05 15:43:28	141	892	12	130	0	0	152.5	0	0	132.5	0	0	135	0	0	137.5	0	1.339		497.584	63.7011	0.0214863	0	0.0431813	0.00330616	1.3098	3		13.453	11.1754	26.6027	0	53.7795	7.71113	
2022-12-05 15:20:10	28	893	1	30	0	0	70	0	0	32.5	0	0	37.5	0	0	42.5	0	1.511		30.1932	490.256	0.833747	0	27.6138	0.0164116	640.776	5		13.4618	11.9552	26.7326	0	53.7794	7.71112	
2022-12-05 15:37:06	111	894	1	117.5	0	0	140	0	0	120	0	0	122.5	0	0	125	0	1.339		134.764	498.833	0.00666825	0	0.0494809	0.0311306	1.50089	3		13.4618	11.7514	26.2128	0	53.7794	7.71112	
2022-12-05 15:37:06	111	895	7	117.5	0	0	140	0	0	132.5	0	0	135	0	0	131.25	0	2.544		134.764	498.833	0.0022673	0	0.0168242	0.0188918	1.38744	3		13.4618	11.7514	26.2128	0	53.7794	7.71112	
2022-12-05 15:37:06	111	896	5	117.5	0	0	140	0	0	122.5	0	0	125	0	0	126.25	0	2.544		134.764	498.833	0.00231386	0	0.0171697	0.55457	1.41593	3		13.4618	11.7514	26.2128	0	53.7794	7.71112	
2022-12-05 15:22:35	42	897	1	100	0	0	140	0	0	102.5	0	0	107.5	0	0	112.5	0	1.511		93.196	496.788	0.0876249	0	0.940221	0.0534567	21.8178	3		13.4618	11.1931	26.3428	0	53.7794	7.71112	
2022-12-05 15:40:13	125	898	7	35	0	0	57.5	0	0	40	0	0	42.5	0	0	43.75	0	2.544		30.176	490.114	0.0241082	0	0.79892	0.0269586	65.8844	6		13.4618	11.8844	26.4727	0	53.7795	7.71113	
2022-12-05 15:40:13	125	899	1	35	0	0	57.5	0	0	52.5	0	0	55	0	0	50	0	1.339		30.176	490.114	0.305466	0	10.1228	0.0610999	307.052	6		13.4618	11.8844	26.4727	0	53.7795	7.71113	
2022-12-05 15:33:15	93	900	6	0	0	0	22.5	0	0	10	0	0	12.5	0	0	11.25	0	4.266		43.7513	491.074	0.00751123	0	0.17168	0.113242	26.9675	3		13.4618	11.8666	26.0829	0	53.7794	7.71112	
2022-12-05 15:41:29	131	901	6	37.5	0	0	60	0	0	47.5	0	0	50	0	0	48.75	0	4.266		30.3559	491.706	0.0006943	0	0.022872	0.421235	3.59272	3		13.4618	11.8666	26.4727	0	53.7795	7.71113	
2022-12-05 15:37:06	111	902	2	117.5	0	0	140	0	0	125	0	0	127.5	0	0	127.5	0	3.737		134.764	498.833	0.00143912	0	0.0106788	0.13913	1.43779	3		13.4618	11.7514	26.2128	0	53.7794	7.71112	
2022-12-05 15:41:29	131	903	11	37.5	0	0	60	0	0	50	0	0	52.5	0	0	50	0	3.737		30.3559	491.706	0.000845225	0	0.0278438	0.076049	3.74888	3		13.4618	11.8666	26.4727	0	53.7795	7.71113	
2022-12-05 15:37:06	111	904	6	117.5	0	0	140	0	0	127.5	0	0	130	0	0	128.75	0	4.266		134.764	498.833	0.0011905	0	0.00883398	0.163944	1.38764	3		13.4618	11.7514	26.2128	0	53.7794	7.71112	
2022-12-05 15:30:57	80	905	5	102.5	0	0	62.5	0	0	75	0	0	70	0	0	77.5	0	3.919		37.0997	492.84	0.00106706	0	0.0287619	1.39597	3.06675	6		13.4618	11.8666	26.0829	0	53.7794	7.71112	
2022-12-05 15:37:06	111	906	11	117.5	0	0	140	0	0	130	0	0	132.5	0	0	130	0	3.737		134.764	498.833	0.00146611	0	0.0108791	0.160606	1.46475	3		13.4618	11.7514	26.2128	0	53.7794	7.71112	
2022-12-05 15:41:29	131	907	5	37.5	0	0	60	0	0	42.5	0	0	45	0	0	46.25	0	2.544		30.3559	491.706	0.0226965	0	0.74768	0.0189559	61.6588	3		13.4618	11.8666	26.4727	0	53.7795	7.71113	
2022-12-05 15:41:29	131	908	12	37.5	0	0	60	0	0	55	0	0	57.5	0	0	52.5	0	1.339		30.3559	491.706	0.391489	0	12.8966	0.012125	391.189	3		13.4618	11.8666	26.4727	0	53.7795	7.71113	
2022-12-05 15:43:28	141	909	7	130	0	0	152.5	0	0	135	0	0	137.5	0	0	138.75	0	2.544		497.584	63.7011	0.00796897	0	0.0160153	0.00599672	1.32073	3		13.453	11.1754	26.6027	0	53.7795	7.71113	
2022-12-05 15:37:06	111	910	12	117.5	0	0	140	0	0	135	0	0	137.5	0	0	132.5	0	1.339		134.764	498.833	0.00653319	0	0.0484787	0.112076	1.47049	3		13.4618	11.7514	26.2128	0	53.7794	7.71112	
2022-12-05 15:37:16	112	911	11	7.5	0	0	30	0	0	20	0	0	22.5	0	0	20	0	3.737		31.1401	491.06	0.00345643	0	0.110996	0.970177	14.9445	6		13.4618	11.3792	26.3428	0	53.7794	7.71112	
2022-12-05 15:37:34	113	912	12	30	0	0	52.5	0	0	32.5	0	0	35	0	0	37.5	0	1.339		31.1395	491.42	0.834479	0	26.7981	0.0477354	812.856	6		13.4618	11.8844	26.3428	0	53.7794	7.71112	
2022-12-05 15:38:19	116	913	6	97.5	0	0	120	0	0	107.5	0	0	110	0	0	108.75	0	4.266		95.2266	496.112	0.000891109	0	0.00935777	0.172123	1.46991	3		13.4618	11.7957	26.3428	0	53.7794	7.71112	
2022-12-05 15:37:34	113	914	7	30	0	0	52.5	0	0	35	0	0	37.5	0	0	38.75	0	2.544		31.1395	491.42	0.037761	0	1.21264	0.0339973	100.002	6		13.4618	11.8844	26.3428	0	53.7794	7.71112	
2022-12-05 15:38:19	116	915	11	97.5	0	0	120	0	0	110	0	0	112.5	0	0	110	0	3.737		95.2266	496.112	0.00101061	0	0.0106127	0.355959	1.42889	3		13.4618	11.7957	26.3428	0	53.7794	7.71112	
2022-12-05 15:29:47	74	916	5	132.5	0	0	92.5	0	0	105	0	0	100	0	0	107.5	0	3.919		140.953	497.248	0.00228038	0	0.0161783	0.0850325	1.72501	4		13.4618	11.7426	26.0829	0	53.7794	7.71112	
2022-12-05 15:37:34	113	917	2	30	0	0	52.5	0	0	42.5	0	0	45	0	0	42.5	0	3.737		31.1395	491.42	0.00173706	0	0.0557831	0.500984	7.51062	6		13.4618	11.8844	26.3428	0	53.7794	7.71112	
2022-12-05 15:25:00	49	918	12	152.5	0	0	22.5	0	0	140	0	0	125	0	0	110	0	6.896		114.548	499.218	0.00123819	0	0.0108093	0.108497	1.51324	3		13.4618	12.3895	26.3428	0	53.7794	7.71112	
2022-12-05 15:16:39	9	919	6	10	0	0	95	0	0	47.5	0	0	57.5	0	0	52.5	0	16.09		44.28	492.704	0.000254793	0	0.00575413	0.380265	3.21999	3		13.4618	11.7337	28.162	0	53.7794	7.71112	
2022-12-05 15:37:34	113	920	5	30	0	0	52.5	0	0	45	0	0	47.5	0	0	43.75	0	2.544		31.1395	491.42	0.0202676	0	0.650864	0.0340793	53.6747	6		13.4618	11.8844	26.3428	0	53.7794	7.71112	
2022-12-05 15:22:25	41	921	7	95	0	0	135	0	0	122.5	0	0	127.5	0	0	120	0	3.919		101.802	499.446	0.00135329	0	0.0132933	0.307706	1.4174	3		13.4618	11.0158	26.3428	0	53.7794	7.71112	
2022-12-05 15:38:29	117	922	6	120	0	0	142.5	0	0	130	0	0	132.5	0	0	131.25	0	4.266		497.7	204.744	0.00466382	0	0.00937075	0.0184967	1.47195	3		13.4618	11.583	26.3428	0	53.7794	7.71112	
2022-12-05 15:39:42	122	923	1	100	0	0	122.5	0	0	117.5	0	0	120	0	0	115	0	1.339		91.054	492.816	0.00459541	0	0.050469	0.0014007	1.53086	3		13.4618	11.6894	26.4727	0	53.7795	7.71113	
2022-12-05 15:19:03	23	924	1	5	0	0	45	0	0	7.5	0	0	12.5	0	0	17.5	0	1.511		25.4365	489.142	0.696981	0	27.4008	0.0234797	635.834	3		13.4618	11.5653	27.1224	0	53.7794	7.71112	
2022-12-05 15:37:52	114	925	1	52.5	0	0	75	0	0	55	0	0	57.5	0	0	60	0	1.339		41.9477	492.987	0.599689	0	14.2961	0.139034	433.639	6		13.4618	11.8844	26.3428	0	53.7794	7.71112	
2022-12-05 15:42:41	137	926	12	40	0	0	62.5	0	0	42.5	0	0	45	0	0	47.5	0	1.339		31.3238	495.768	0.736165	0	23.5018	0.00976269	712.872	3		13.4618	11.8223	26.6027	0	53.7795	7.71113	
2022-12-05 15:42:41	137	927	5	40	0	0	62.5	0	0	55	0	0	57.5	0	0	53.75	0	2.544		31.3238	495.768	0.00808916	0	0.258244	0.0238485	21.2965	3		13.4618	11.8223	26.6027	0	53.7795	7.71113	
2022-12-05 15:37:52	114	928	2	52.5	0	0	75	0	0	60	0	0	62.5	0	0	62.5	0	3.737		41.9477	492.987	0.00116188	0	0.0276983	0.371001	3.72929	6		13.4618	11.8844	26.3428	0	53.7794	7.71112	
2022-12-05 15:44:38	147	929	1	132.5	0	0	155	0	0	135	0	0	137.5	0	0	140	0	1.339		497.526	50.1143	0.0232564	0	0.0467442	0.0390616	1.41787	3		13.453	11.2285	26.7326	0	53.7795	7.71113	
2022-12-05 15:38:39	118	930	12	10	0	0	32.5	0	0	12.5	0	0	15	0	0	17.5	0	1.339		37.9457	491.048	1.14421	0	30.154	0.0183386	914.649	6		13.4618	11.9198	26.3428	0	53.7794	7.71112	
2022-12-05 15:38:29	117	931	5	120	0	0	142.5	0	0	135	0	0	137.5	0	0	133.75	0	2.544		497.7	204.744	0.0081995	0	0.0164748	0.0197284	1.35862	3		13.4618	11.583	26.3428	0	53.7794	7.71112	
2022-12-05 15:24:02	45	932	5	105	0	0	145	0	0	112.5	0	0	117.5	0	0	120	0	3.919		429.206	273.683	0.00594974	0	0.0138622	0.0147908	1.47806	3		13.4353	12.6554	25.9529	0	53.7794	7.71112	
2022-12-05 15:37:52	114	933	6	52.5	0	0	75	0	0	62.5	0	0	65	0	0	63.75	0	4.266		41.9477	492.987	0.0006414	0	0.0152905	0.719433	2.40182	6		13.4618	11.8844	26.3428	0	53.7794	7.71112	
2022-12-05 15:24:02	45	934	2	105	0	0	145	0	0	117.5	0	0	122.5	0	0	122.5	0	6.387		429.206	273.683	0.00329182	0	0.00766957	0.0169613	1.55761	3		13.4353	12.6554	25.9529	0	53.7794	7.71112	
2022-12-05 15:37:52	114	935	7	52.5	0	0	75	0	0	67.5	0	0	70	0	0	66.25	0	2.544		41.9477	492.987	0.00902102	0	0.215054	0.111162	17.7348	6		13.4618	11.8844	26.3428	0	53.7794	7.71112	
2022-12-05 15:38:10	115	936	12	75	0	0	97.5	0	0	77.5	0	0	80	0	0	82.5	0	1.339		49.7209	497.05	0.152137	0	3.05982	0.0116442	92.8125	3		13.4618	11.8312	26.3428	0	53.7794	7.71112	
2022-12-05 15:16:03	6	937	4	25	0	0	155	0	0	82.5	0	0	97.5	0	0	90	0	24.621		59.1114	488.912	0.000294388	0	0.00498022	0.437747	4.34823	3		13.4618	11.9375	28.5519	0	53.7794	7.71112	
2022-12-05 15:38:10	115	938	11	75	0	0	97.5	0	0	82.5	0	0	85	0	0	85	0	3.737		49.7209	497.05	0.000953395	0	0.0191749	0.296066	2.58171	3		13.4618	11.8312	26.3428	0	53.7794	7.71112	
2022-12-05 15:25:24	51	939	5	142.5	0	0	12.5	0	0	100	0	0	85	0	0	85	0	21.347		53.8072	491.946	0.000245135	0	0.0045558	0.267474	3.3666	3		13.453	11.6805	26.3428	0	53.7794	7.71112	
2022-12-05 15:21:07	33	940	3	55	0	0	95	0	0	67.5	0	0	72.5	0	0	72.5	0	6.387		40.4452	493.218	0.00052731	0	0.0130377	0.137129	2.64782	3		13.4618	11.4678	26.6027	0	53.7794	7.71112	
2022-12-05 15:30:00	75	941	12	127.5	0	0	87.5	0	0	125	0	0	120	0	0	115	0	1.511		104.081	496.963	0.00588568	0	0.0565491	0.00537514	1.31222	3		13.453	11.5121	26.2128	0	53.7794	7.71112	
2022-12-05 15:38:29	117	942	12	120	0	0	142.5	0	0	122.5	0	0	125	0	0	127.5	0	1.339		497.7	204.744	0.0246981	0	0.0496244	0.0139338	1.50524	3		13.4618	11.583	26.3428	0	53.7794	7.71112	
2022-12-05 15:41:29	131	943	1	37.5	0	0	60	0	0	40	0	0	42.5	0	0	45	0	1.339		30.3559	491.706	0.520804	0	17.1566	0.0111459	520.404	3		13.4618	11.8666	26.4727	0	53.7795	7.71113	
2022-12-05 15:41:29	131	944	7	37.5	0	0	60	0	0	52.5	0	0	55	0	0	51.25	0	2.544		30.3559	491.706	0.00610339	0	0.201061	0.0401999	16.5808	3		13.4618	11.8666	26.4727	0	53.7795	7.71113	
2022-12-05 15:42:41	137	945	11	40	0	0	62.5	0	0	47.5	0	0	50	0	0	50	0	3.737		31.3238	495.768	0.00189345	0	0.0604476	0.0452999	8.13865	3		13.4618	11.8223	26.6027	0	53.7795	7.71113	
2022-12-05 15:38:29	117	946	7	120	0	0	142.5	0	0	125	0	0	127.5	0	0	128.75	0	2.544		497.7	204.744	0.00900383	0	0.0180909	0.0141009	1.4919	3		13.4618	11.583	26.3428	0	53.7794	7.71112	
2022-12-05 15:39:42	122	947	2	100	0	0	122.5	0	0	112.5	0	0	115	0	0	112.5	0	3.737		91.054	492.816	0.000859035	0	0.00943435	0.476903	1.27024	3		13.4618	11.6894	26.4727	0	53.7795	7.71113	
2022-12-05 15:38:29	117	948	2	120	0	0	142.5	0	0	132.5	0	0	135	0	0	132.5	0	3.737		497.7	204.744	0.00506451	0	0.0101758	0.0215677	1.37007	3		13.4618	11.583	26.3428	0	53.7794	7.71112	
2022-12-05 15:44:38	147	949	12	132.5	0	0	155	0	0	150	0	0	152.5	0	0	147.5	0	1.339		497.526	50.1143	0.0248714	0	0.0499901	0.0342346	1.51633	3		13.453	11.2285	26.7326	0	53.7795	7.71113	
2022-12-05 15:44:38	147	950	5	132.5	0	0	155	0	0	137.5	0	0	140	0	0	141.25	0	2.544		497.526	50.1143	0.0085649	0	0.017215	0.16384	1.41967	3		13.453	11.2285	26.7326	0	53.7795	7.71113	
2022-12-05 15:38:29	117	951	1	120	0	0	142.5	0	0	137.5	0	0	140	0	0	135	0	1.339		497.7	204.744	0.0227197	0	0.0456495	0.0318949	1.38467	3		13.4618	11.583	26.3428	0	53.7794	7.71112	
2022-12-05 15:21:07	33	952	1	55	0	0	95	0	0	57.5	0	0	62.5	0	0	67.5	0	1.511		40.4452	493.218	0.416559	0	10.2994	0.00782041	238.996	3		13.4618	11.4678	26.6027	0	53.7794	7.71112	
2022-12-05 15:17:37	15	953	10	40	0	0	125	0	0	107.5	0	0	117.5	0	0	97.5	0	4.212		59.2712	489.936	0.00105487	0	0.0177974	0.0465177	1.43177	3		13.4618	11.5919	27.5123	0	53.7794	7.71112	
2022-12-05 15:38:39	118	954	7	10	0	0	32.5	0	0	15	0	0	17.5	0	0	18.75	0	2.544		37.9457	491.048	0.0624914	0	1.64687	0.181701	135.812	6		13.4618	11.9198	26.3428	0	53.7794	7.71112	
2022-12-05 15:38:39	118	955	2	10	0	0	32.5	0	0	22.5	0	0	25	0	0	22.5	0	3.737		37.9457	491.048	0.00451069	0	0.118872	0.0306529	16.005	6		13.4618	11.9198	26.3428	0	53.7794	7.71112	
2022-12-05 15:38:56	119	956	1	32.5	0	0	55	0	0	35	0	0	37.5	0	0	40	0	1.339		35.3603	494.428	1.01214	0	28.6236	0.0523112	868.23	6		13.4618	11.8489	26.3428	0	53.7794	7.71112	
2022-12-05 15:43:52	143	957	12	42.5	0	0	65	0	0	60	0	0	62.5	0	0	57.5	0	1.339		30.1126	494.371	0.325429	0	10.8071	0.0157739	327.806	3		13.4618	12.0616	26.6027	0	53.7795	7.71113	
2022-12-05 15:39:14	120	958	7	55	0	0	77.5	0	0	60	0	0	62.5	0	0	63.75	0	2.544		55.0074	491.324	0.0110148	0	0.200242	0.0355987	16.5133	5		13.453	11.8666	26.3428	0	53.7794	7.71112	
2022-12-05 15:39:53	123	959	11	122.5	0	0	145	0	0	135	0	0	137.5	0	0	135	0	3.737		497.725	132.023	0.00496275	0	0.00997088	0.31357	1.34248	3		13.4618	11.6096	26.4727	0	53.7795	7.71113	
2022-12-05 15:28:57	69	960	5	157.5	0	0	117.5	0	0	130	0	0	125	0	0	132.5	0	3.919		131.507	501.162	0.00177498	0	0.0134972	0.0359436	1.43915	3		13.4618	11.9641	26.0829	0	53.7794	7.71112	
2022-12-05 15:39:14	120	961	2	55	0	0	77.5	0	0	67.5	0	0	70	0	0	67.5	0	3.737		55.0074	491.324	0.000959649	0	0.0174458	0.176468	2.3489	5		13.453	11.8666	26.3428	0	53.7794	7.71112	
2022-12-05 15:44:01	144	962	5	65	0	0	87.5	0	0	80	0	0	82.5	0	0	78.75	0	2.544		37.2164	496.323	0.00103326	0	0.0277636	0.42422	2.28957	3		13.4618	11.8844	26.6027	0	53.7795	7.71113	
2022-12-05 15:44:01	144	963	12	65	0	0	87.5	0	0	67.5	0	0	70	0	0	72.5	0	1.339		37.2164	496.323	0.454409	0	12.2099	0.00517563	370.358	3		13.4618	11.8844	26.6027	0	53.7795	7.71113	
2022-12-05 15:39:31	121	964	1	77.5	0	0	100	0	0	80	0	0	82.5	0	0	85	0	1.339		71.2126	497.77	0.17674	0	2.48187	0.0373394	75.2816	3		13.4618	12.0527	26.3428	0	53.7795	7.71112	
2022-12-05 15:41:09	129	965	1	125	0	0	147.5	0	0	142.5	0	0	145	0	0	140	0	1.339		497.743	120.948	0.0227272	0	0.0456605	0.0647582	1.385	3		13.4618	11.6096	26.4727	0	53.7795	7.71113	
2022-12-05 15:28:47	68	966	12	87.5	0	0	2.5	0	0	80	0	0	70	0	0	60	0	4.212		59.6604	494.404	0.00163143	0	0.0273452	0.0162692	2.19988	3		13.4618	12.0261	26.0829	0	53.7794	7.71112	
2022-12-05 15:39:31	121	967	2	77.5	0	0	100	0	0	85	0	0	87.5	0	0	87.5	0	3.737		71.2126	497.77	0.00112331	0	0.0157741	0.0394267	2.12381	3		13.4618	12.0527	26.3428	0	53.7795	7.71112	
2022-12-05 15:39:31	121	968	11	77.5	0	0	100	0	0	90	0	0	92.5	0	0	90	0	3.737		71.2126	497.77	0.000933522	0	0.0131089	0.174936	1.76498	3		13.4618	12.0527	26.3428	0	53.7795	7.71112	
2022-12-05 15:39:42	122	969	12	100	0	0	122.5	0	0	102.5	0	0	105	0	0	107.5	0	1.339		91.054	492.816	0.0881429	0	0.96803	0.0582208	29.3629	3		13.4618	11.6894	26.4727	0	53.7795	7.71113	
2022-12-05 15:39:53	123	970	1	122.5	0	0	145	0	0	125	0	0	127.5	0	0	130	0	1.339		497.725	132.023	0.0255839	0	0.0514016	0.0083724	1.55915	3		13.4618	11.6096	26.4727	0	53.7795	7.71113	
2022-12-05 15:39:53	123	971	5	122.5	0	0	145	0	0	127.5	0	0	130	0	0	131.25	0	2.544		497.725	132.023	0.00782561	0	0.0157228	0.00485509	1.29661	3		13.4618	11.6096	26.4727	0	53.7795	7.71113	
2022-12-05 15:40:02	124	972	1	12.5	0	0	35	0	0	15	0	0	17.5	0	0	20	0	1.339		27.4079	490.456	0.931813	0	33.998	0.0636275	1031.25	3		13.453	11.2551	26.4727	0	53.7795	7.71113	
2022-12-05 15:40:02	124	973	7	12.5	0	0	35	0	0	27.5	0	0	30	0	0	26.25	0	2.544		27.4079	490.456	0.0329088	0	1.20071	0.0455051	99.0183	3		13.453	11.2551	26.4727	0	53.7795	7.71113	
2022-12-05 15:22:35	42	974	5	100	0	0	140	0	0	107.5	0	0	112.5	0	0	115	0	3.919		93.196	496.788	0.00127772	0	0.01371	0.0977019	1.46183	3		13.4618	11.1931	26.3428	0	53.7794	7.71112	
2022-12-05 15:40:13	125	975	6	35	0	0	57.5	0	0	45	0	0	47.5	0	0	46.25	0	4.266		30.176	490.114	0.000759608	0	0.0251726	1.08614	3.9541	6		13.4618	11.8844	26.4727	0	53.7795	7.71113	
2022-12-05 15:40:13	125	976	2	35	0	0	57.5	0	0	47.5	0	0	50	0	0	47.5	0	3.737		30.176	490.114	0.00107651	0	0.0356744	0.480045	4.80319	6		13.4618	11.8844	26.4727	0	53.7795	7.71113	
2022-12-05 15:40:31	126	977	2	57.5	0	0	80	0	0	65	0	0	67.5	0	0	67.5	0	3.737		39.6366	491.074	0.000927738	0	0.0234061	0.149883	3.15139	3		13.4618	11.8932	26.4727	0	53.7795	7.71113	
2022-12-05 15:41:38	132	978	2	60	0	0	82.5	0	0	72.5	0	0	75	0	0	72.5	0	3.737		34.4612	491.678	0.000675049	0	0.0195887	1.00272	2.63742	6		13.4618	11.8844	26.4727	0	53.7795	7.71113	
2022-12-05 15:40:31	126	979	11	57.5	0	0	80	0	0	70	0	0	72.5	0	0	70	0	3.737		39.6366	491.074	0.000752505	0	0.0189851	0.0430799	2.55615	3		13.4618	11.8932	26.4727	0	53.7795	7.71113	
2022-12-05 15:40:40	127	980	11	80	0	0	102.5	0	0	87.5	0	0	90	0	0	90	0	3.737		48.4475	492.518	0.000954549	0	0.0197027	0.374227	2.65277	6		13.4618	11.8489	26.4727	0	53.7795	7.71113	
2022-12-05 15:40:40	127	981	5	80	0	0	102.5	0	0	95	0	0	97.5	0	0	93.75	0	2.544		48.4475	492.518	0.000777811	0	0.0160547	0.582475	1.32398	6		13.4618	11.8489	26.4727	0	53.7795	7.71113	
2022-12-05 15:40:40	127	982	1	80	0	0	102.5	0	0	97.5	0	0	100	0	0	95	0	1.339		48.4475	492.518	0.0471102	0	0.972398	0.104016	29.4954	6		13.4618	11.8489	26.4727	0	53.7795	7.71113	
2022-12-05 15:40:58	128	983	11	102.5	0	0	125	0	0	115	0	0	117.5	0	0	115	0	3.737		91.0514	495.302	0.000954557	0	0.0104837	0.106165	1.41152	3		13.4618	11.8046	26.4727	0	53.7795	7.71113	
2022-12-05 15:41:09	129	984	12	125	0	0	147.5	0	0	127.5	0	0	130	0	0	132.5	0	1.339		497.743	120.948	0.0209565	0	0.042103	0.0131986	1.27709	3		13.4618	11.6096	26.4727	0	53.7795	7.71113	
2022-12-05 15:41:09	129	985	11	125	0	0	147.5	0	0	132.5	0	0	135	0	0	135	0	3.737		497.743	120.948	0.00497822	0	0.0100016	0.0188281	1.34661	3		13.4618	11.6096	26.4727	0	53.7795	7.71113	
2022-12-05 15:41:09	129	986	2	125	0	0	147.5	0	0	137.5	0	0	140	0	0	137.5	0	3.737		497.743	120.948	0.00495128	0	0.00994747	0.0146566	1.33932	3		13.4618	11.6096	26.4727	0	53.7795	7.71113	
2022-12-05 15:19:22	25	987	2	15	0	0	55	0	0	27.5	0	0	32.5	0	0	32.5	0	6.387		32.7266	491.069	0.00120066	0	0.0366876	0.348348	7.45088	6		13.4618	11.5476	26.8626	0	53.7794	7.71112	
2022-12-05 15:32:36	89	988	1	57.5	0	0	17.5	0	0	25	0	0	20	0	0	30	0	1.511		42.5529	490.603	2.00979	0	47.2305	0.0175452	1095.98	3		13.4618	11.8932	26.2128	0	53.7794	7.71112	
2022-12-05 15:41:18	130	989	12	15	0	0	37.5	0	0	17.5	0	0	20	0	0	22.5	0	1.339		32.8867	491.59	2.29554	0	69.8016	0.0532567	2117.26	3		13.4618	11.9907	26.4727	0	53.7795	7.71113	
2022-12-05 15:41:18	130	990	6	15	0	0	37.5	0	0	25	0	0	27.5	0	0	26.25	0	4.266		32.8867	491.59	0.00194737	0	0.0592147	0.784563	9.30143	3		13.4618	11.9907	26.4727	0	53.7795	7.71113	
2022-12-05 15:41:18	130	991	5	15	0	0	37.5	0	0	30	0	0	32.5	0	0	28.75	0	2.544		32.8867	491.59	0.0364207	0	1.10746	0.0274045	91.3288	3		13.4618	11.9907	26.4727	0	53.7795	7.71113	
2022-12-05 15:27:58	63	992	8	112.5	0	0	27.5	0	0	85	0	0	75	0	0	75	0	13.864		51.8761	481.498	0.0003379	0	0.0065136	0.417235	3.06372	3		13.4618	12.035	26.0829	0	53.7794	7.71112	
2022-12-05 15:41:18	130	993	1	15	0	0	37.5	0	0	32.5	0	0	35	0	0	30	0	1.339		32.8867	491.59	0.787164	0	23.9357	0.0512528	726.032	3		13.4618	11.9907	26.4727	0	53.7795	7.71113	
2022-12-05 15:41:29	131	994	2	37.5	0	0	60	0	0	45	0	0	47.5	0	0	47.5	0	3.737		30.3559	491.706	0.00217312	0	0.071588	0.0757646	9.63858	3		13.4618	11.8666	26.4727	0	53.7795	7.71113	
2022-12-05 15:41:38	132	995	11	60	0	0	82.5	0	0	67.5	0	0	70	0	0	70	0	3.737		34.4612	491.678	0.000847659	0	0.0245975	0.992511	3.3118	6		13.4618	11.8844	26.4727	0	53.7795	7.71113	
2022-12-05 15:41:38	132	996	6	60	0	0	82.5	0	0	70	0	0	72.5	0	0	71.25	0	4.266		34.4612	491.678	0.000442854	0	0.0128508	2.1979	2.0186	6		13.4618	11.8844	26.4727	0	53.7795	7.71113	
2022-12-05 15:41:56	133	997	2	82.5	0	0	105	0	0	90	0	0	92.5	0	0	92.5	0	3.737		80.4632	487.837	0.00136665	0	0.0169848	0.487387	2.28683	4		13.4618	11.8666	26.4727	0	53.7795	7.71113	
2022-12-05 15:42:10	134	998	11	105	0	0	127.5	0	0	112.5	0	0	115	0	0	115	0	3.737		377.203	314.168	0.00386026	0	0.0102339	0.0300115	1.37789	3		13.4618	12.035	26.6027	0	53.7795	7.71113	
2022-12-05 15:31:57	85	999	12	77.5	0	0	37.5	0	0	75	0	0	70	0	0	65	0	1.511		53.9804	491.752	0.167894	0	3.11027	0.0278233	72.1736	3		13.4618	12.0793	26.2128	0	53.7794	7.71112	
2022-12-05 15:35:09	103	1000	2	70	0	0	92.5	0	0	72.5	0	0	75	0	0	77.5	0	1.339		47.9628	493.871	0.814653	0	16.9851	0.0577263	515.203	6		13.4618	11.8666	26.2128	0	53.7794	7.71112	
2022-12-05 15:42:10	134	1001	2	105	0	0	127.5	0	0	117.5	0	0	120	0	0	117.5	0	3.737		377.203	314.168	0.00390731	0	0.0103586	0.0136431	1.39468	3		13.4618	12.035	26.6027	0	53.7795	7.71113	
2022-12-05 15:42:10	134	1002	5	105	0	0	127.5	0	0	120	0	0	122.5	0	0	118.75	0	2.544		377.203	314.168	0.00615277	0	0.0163116	0.0130633	1.34516	3		13.4618	12.035	26.6027	0	53.7795	7.71113	
2022-12-05 15:42:10	134	1003	1	105	0	0	127.5	0	0	122.5	0	0	125	0	0	120	0	1.339		377.203	314.168	0.0162411	0	0.0430566	0.0132139	1.30602	3		13.4618	12.035	26.6027	0	53.7795	7.71113	
2022-12-05 15:42:20	135	1004	11	127.5	0	0	150	0	0	140	0	0	142.5	0	0	140	0	3.737		497.826	132.423	0.00525745	0	0.0105608	0.0260273	1.42191	3		13.4441	10.7234	26.6027	0	53.7795	7.71113	
2022-12-05 15:32:46	90	1005	12	52.5	0	0	12.5	0	0	50	0	0	45	0	0	40	0	1.511		31.2113	492.487	0.653412	0	20.9351	0.0183808	485.798	3		13.4618	11.8844	26.2128	0	53.7794	7.71112	
2022-12-05 15:35:27	104	1006	5	92.5	0	0	115	0	0	97.5	0	0	100	0	0	101.25	0	2.544		71.5104	496.912	0.00131678	0	0.0184138	0.566694	1.51852	3		13.4618	11.8046	26.2128	0	53.7794	7.71112	
2022-12-05 15:42:20	135	1007	7	127.5	0	0	150	0	0	142.5	0	0	145	0	0	141.25	0	2.544		497.826	132.423	0.00818775	0	0.016447	0.0182627	1.35633	3		13.4441	10.7234	26.6027	0	53.7795	7.71113	
2022-12-05 15:27:08	58	1008	12	137.5	0	0	52.5	0	0	130	0	0	120	0	0	110	0	4.212		72.7829	494.679	0.00128955	0	0.0177178	0.029963	1.42537	3		13.4618	12.292	26.0829	0	53.7794	7.71112	
2022-12-05 15:42:29	136	1009	7	17.5	0	0	40	0	0	32.5	0	0	35	0	0	31.25	0	2.544		40.9783	491.748	0.032919	0	0.803326	0.0291023	66.2477	3		13.453	11.2374	26.6027	0	53.7795	7.71113	
2022-12-05 15:42:41	137	1010	6	40	0	0	62.5	0	0	50	0	0	52.5	0	0	51.25	0	4.266		31.3238	495.768	0.000661966	0	0.021133	0.294302	3.31957	3		13.4618	11.8223	26.6027	0	53.7795	7.71113	
2022-12-05 15:42:51	138	1011	1	62.5	0	0	85	0	0	65	0	0	67.5	0	0	70	0	1.339		42.3682	494.226	0.455658	0	10.7547	0.0100833	326.218	6		13.4618	12.0705	26.6027	0	53.7795	7.71113	
2022-12-05 15:42:51	138	1012	7	62.5	0	0	85	0	0	77.5	0	0	80	0	0	76.25	0	2.544		42.3682	494.226	0.00360482	0	0.085083	4.43534	7.01653	6		13.4618	12.0705	26.6027	0	53.7795	7.71113	
2022-12-05 15:42:51	138	1013	5	62.5	0	0	85	0	0	67.5	0	0	70	0	0	71.25	0	2.544		42.3682	494.226	0.00646492	0	0.152589	0.144447	12.5835	6		13.4618	12.0705	26.6027	0	53.7795	7.71113	
2022-12-05 15:42:51	138	1014	12	62.5	0	0	85	0	0	80	0	0	82.5	0	0	77.5	0	1.339		42.3682	494.226	0.0718385	0	1.69557	0.182527	51.4312	6		13.4618	12.0705	26.6027	0	53.7795	7.71113	
2022-12-05 15:42:51	138	1015	11	62.5	0	0	85	0	0	75	0	0	77.5	0	0	75	0	3.737		42.3682	494.226	0.000791621	0	0.0186843	0.103738	2.51565	6		13.4618	12.0705	26.6027	0	53.7795	7.71113	